node_id,name,smiles
8192,naringenin,O=C1CC(c2ccc(O)cc2)Oc2cc(O)cc(O)c21
8193,(-)-Limonene,C=C(C)C1CC=C(C)CC1
8195,alpha-Maltose,OCC1OC(OC2C(CO)OC(O)C(O)C2O)C(O)C(O)C1O
8196,Taxifolin,O=C1c2c(O)cc(O)cc2OC(c2ccc(O)c(O)c2)C1O
8197,(-)-Carvone,C=C(C)C1CC=C(C)C(=O)C1
8198,D-Limonene,C=C(C)C1CC=C(C)CC1
8199,arbutin,OCC1OC(Oc2ccc(O)cc2)C(O)C(O)C1O
8200,(-)-beta-Pinene,C=C1CCC2CC1C2(C)C
8201,(-)-alpha-Pinene,CC1=CCC2CC1C2(C)C
8203,alpha-L-Sorbopyranose,CC1(C)OCC2(OCC(O)C(O)C2O)O1
8204,carnosol,CC(C)c1cc2c(c(O)c1O)C13CCCC(C)(C)C1CC2OC3=O
8205,Levomenol,CC(C)=CCCC(C)(O)C1CC=C(C)CC1
8206,AC1L9CNW,CC1=CCC2C3C(C(C)C)CCC2(C)C13
8207,5986-55-0,CC1CCC2(O)C(C)(C)C3CCC2(C)C1C3
8208,Beta-Selinene,C=C(C)C1CCC2(C)CCCC(=C)C2C1
8209,naringin,CC1OC(OC2C(Oc3cc(O)c4c(c3)OC(c3ccc(O)cc3)CC4=O)OC(CO)C(O)C2O)C(O)C(O)C1O
8210,Carvone oxide,C=C(C)C1CC(=O)C2(C)OC2C1
8211,(R)-(-)-alpha-Phellandrene,CC1=CCC(C(C)C)C=C1
8215,(-)-Linalool,C=CC(C)(O)CCC=C(C)C
8217,(-)-alpha-Terpineol,CC1=CCC(C(C)(C)O)CC1
8219,trans-Aconitic acid,O=C(O)C=C(CC(=O)O)C(=O)O
8220,Cinnamic Acid,O=C(O)C=Cc1ccccc1
8221,farnesol,CC(C)=CCCC(C)=CCCC(C)=CCO
8222,resveratrol,Oc1ccc(C=Cc2cc(O)cc(O)c2)cc1
8223,oleic acid,CCCCCCC=CCCCCCCCC(=O)O
8224,Lycopene,CC(C)=CCCC(C)=CC=CC(C)=CC=CC(C)=CC=CC=C(C)C=CC=C(C)C=CC=C(C)CCC=C(C)C
8225,2-Nonen-4-one,CC=CC(=O)CCCCC
8227,Isoxanthohumol,COc1cc(O)c(CC=C(C)C)c2c1C(=O)CC(c1ccc(O)cc1)O2
8228,103-95-7,CC(C=O)Cc1ccc(C(C)C)cc1
8229,Bornyl formate,CC1(C)C2CCC1(C)C(OC=O)C2
8230,"2,5-Diethyl-4-methylthiazole",CCc1nc(C)c(CC)s1
8231,Furfuryl methyl sulfide,CSCc1ccco1
8232,3-Decanol,CCCCCCCC(O)CC
8233,"(5xi,7xi,10xi)-eudesma-4(14),11-diene",C=C(C)C1CCC2(C)CCCC(=C)C2C1
8234,Dihydro-beta-ionone,CC(=O)CCC1=C(C)CCCC1(C)C
8235,2-sec-Butylthiazole,CCC(C)c1nccs1
8236,l-.alpha.-Cadinol,CC1=CC2C(C(C)C)CCC(C)(O)C2CC1
8237,5-Ethyl-2-methylthiazole,CCc1cnc(C)s1
8238,.beta.-Sesquiphellandrene,C=C1C=CC(C(C)CCC=C(C)C)CC1
8239,Isopentyl isobutyrate,CC(C)CCOC(=O)C(C)C
8240,Methyl 3-hydroxyhexanoate,CCCC(O)CC(=O)OC
8241,Cubenol,CC1=CC2C(C(C)C)CCC(C)C2(O)CC1
8242,Methyl 2-methylpentanoate,CCCC(C)C(=O)OC
8243,24168-70-5,CCC(C)c1nccnc1OC
8244,2-Acetylthiazole,CC(=O)c1nccs1
8245,1-Mercapto-2-propanone,CC(=O)CS
8246,Phenethyl 2-methylbutyrate,CCC(C)C(=O)OCCc1ccccc1
8247,delta-Tetradecalactone,CCCCCCCCCC1CCCC(=O)O1
8248,3-Methylbutyl 2-methylbutanoate,CCC(C)C(=O)OCCC(C)C
8249,1-p-Menthen-9-al,CC1=CCC(C(C)C=O)CC1
8250,Octyl 2-methylbutyrate,CCCCCCCCOC(=O)C(C)CC
8251,3-Mercapto-3-methyl-1-butanol,CC(C)(S)CCO
8252,"3,5-Diethyl-1,2,4-trithiolane",CCC1SSC(CC)S1
8253,"4,8-Methanoazulen-9-ol, decahydro-2,2,4,8-tetramethyl-, stereoisomer",CC1(C)CC2C(C1)C1(C)CCCC2(C)C1O
8254,3-Octyl acetate,CCCCCC(CC)OC(C)=O
8255,3-oxobutan-2-yl acetate,CC(=O)OC(C)C(C)=O
8256,(-)-Zingiberene,CC(C)=CCCC(C)C1C=CC(C)=CC1
8257,1-Hydroxybutan-2-one,CCC(=O)CO
8258,STK020088,C=CC(C)(O)CCC1C(C)(O)CCC2C(C)(C)CCCC21C
8259,gamma-Selinene,C=C1CCCC2(C)CCC(=C(C)C)CC12
8260,"Naphthalene, 1,2,4a,5,8,8a-hexahydro-4,7-dimethyl-1-(1-methylethyl)-",CC1=CCC2C(C)=CCC(C(C)C)C2C1
8261,S-Methyl propanethioate,CCC(=O)SC
8262,"2-Furanmethanethiol, 5-methyl-",Cc1ccc(CS)o1
8263,2-heptanethiol,CCCCCC(C)S
8264,Isopropyl 2-methylbutyrate,CCC(C)C(=O)OC(C)C
8265,Spathulenol,C=C1CCC2C(C3C1CCC3(C)O)C2(C)C
8266,Butyl propyl disulfide,CCCCSSCCC
8267,Methyl pentyl disulfide,CCCCCSSC
8268,Linaloyl oxide,C=CC1(C)CCCC(C)(C)O1
8269,Isoamyl nonanoate,CCCCCCCCC(=O)OCCC(C)C
8270,"2,3-Dehydro-1,8-cineole",CC12C=CC(CC1)C(C)(C)O2
8271,"2,6-Dimethoxy-4-propylphenol",CCCc1cc(OC)c(O)c(OC)c1
8272,ethyl methyl trisulfide,CCSSSC
8273,Methyl 5-acetoxyhexanoate,COC(=O)CCCC(C)OC(C)=O
8274,4-Methoxy-2-methyl-2-butanethiol,COCCC(C)(C)S
8275,3-Mercapto-3-methylbutyl formate,CC(C)(S)CCOC=O
8276,Bis(2-methyl-3-furyl)disulfide,Cc1occc1SSc1ccoc1C
8277,"1,3-p-Menthadien-7-al",CC(C)C1=CC=C(C=O)CC1
8278,"1-(3,4-dihydro-2H-1,4-thiazin-5-yl)ethanone",CC(=O)C1=CSCCN1
8279,P-Menth-1-en-9-yl acetate,CC(=O)OCC(C)C1CC=C(C)CC1
8280,3-Mercapto-2-methylpentanal,CCC(S)C(C)C=O
8281,42348-12-9,CCC1=C(O)C(=O)CC1C
8282,.alpha.-Calacorene,CC1=CCC(C(C)C)c2cc(C)ccc21
8283,101517-87-7,CC(C)CC1SC(C)NC(C)S1
8284,2-propionyl-1-pyrroline,CCC(=O)C1=NCCC1
8285,Acetoyl butyrate,CCCC(=O)OC(C)C(C)=O
8286,UNII-H5E892YJGG,CCCSS(=O)(=O)CCC
8287,"3-methylnonane-2,4-dione",CCCCCC(=O)C(C)C(C)=O
8288,2-Heptyl butanoate,CCCCCC(C)OC(=O)CCC
8289,"5,6-dimethyloxan-2-one",CC1CCC(=O)OC1C
8290,Ethyl 3-methylpentanoate,CCOC(=O)CC(C)CC
8291,Menthyl isovalerate,CC(C)CC(=O)OC1CC(C)CCC1C(C)C
8292,1-Phenylethyl isobutyrate,CC(C)C(=O)OC(C)c1ccccc1
8293,"2-isobutyl-4,5-dimethyloxazole",Cc1nc(CC(C)C)oc1C
8294,Dehydrodihydroionone,CC(=O)CCC1=C(C)C=CCC1(C)C
8295,"3,5-Dimethyl-2-isobutylpyrazine",Cc1cnc(CC(C)C)c(C)n1
8296,Dihydro-beta-ionol,CC1=C(CCC(C)O)C(C)(C)CCC1
8297,Dill ether,CC1=CC2OCC(C)C2CC1
8298,"4-Methyl-2-phenyl-1,3-dioxolane",CC1COC(c2ccccc2)O1
8299,"2,6-Nonadienal",CCC=CCCC=CC=O
8300,cinnamaldehyde,O=CC=Cc1ccccc1
8301,Methyl cinnamate,COC(=O)C=Cc1ccccc1
8302,p-coumaric acid,O=C(O)C=Cc1ccc(O)cc1
8303,trans-Anethole,CC=Cc1ccc(OC)cc1
8304,"2,4-Hexadienal",CC=CC=CC=O
8305,Geraniol,CC(C)=CCCC(C)=CCO
8306,Ethyl Cinnamate,COC(=O)C=Cc1ccccc1
8307,Benzalacetone,CC(=O)C=Cc1ccccc1
8308,Sinapic Acid,COc1cc(C=CC(=O)O)cc(OC)c1O
8309,Methylisoeugenol,CC=Cc1ccc(OC)c(OC)c1
8310,Methyl propenyl ketone,CC=CC(C)=O
8311,Citral,CC1=C(C=O)C(C)(C)CCC1
8312,Beta-Ionone,CC(=O)CCC1=C(C)CCCC1(C)C
8313,piperine,O=C(C=CC=Cc1ccc2c(c1)OCO2)N1CCCCC1
8314,2-Pentenoic Acid,CCC=CC(=O)O
8315,isoliquiritigenin,O=C(C=Cc1ccc(O)cc1)c1ccc(O)cc1O
8316,Farnesyl acetate,CC(=O)OCC=C(C)CCC=C(C)CCC=C(C)C
8317,Xanthohumol,COc1cc(O)c(CC=C(C)C)c2c1C(=O)CC(c1ccc(O)cc1)O2
8318,4-Hexen-1-Ol,CC=CCCCO
8319,"2,4-Hexadien-1-Ol",CC=CC=CCO
8320,4-Methoxycinnamaldehyde,COc1ccc(C=CC=O)cc1
8321,2-Methoxycinnamaldehyde,COc1ccccc1C=CC=O
8322,4-Methyl-2-pentenoic acid,CC(C)C=CC(=O)O
8323,Butylidenephthalide,CCCC=C1OC(=O)c2ccccc21
8324,UNII-847O2V0IOA,CCCCCC1CC=CC(=O)O1
8325,(-)-Mintlactone,CC1=C2CCC(C)CC2OC1=O
8326,3-Hexenal,CCC=CCC=O
8327,Violet leaf aldehyde,CCC=CCCC=CC=O
8328,cis-Aconitic acid,O=C(O)C=C(CC(=O)O)C(=O)O
8329,Neral,CC(C)=CCCC(C)=CC=O
8330,nerol,CC(C)=CC1CC(C)=CCO1
8331,Angelic acid,CC=C(C)C(=O)O
8332,cis-3-Hexenal,CCC=CCC=O
8333,cis-Crotonaldehyde,CC=CC=O
8334,CID 644104,O=C1C(O)=C(O)OC1C(O)CO
8335,AC1LCV7P,C=CC(O)CC(=NOS(=O)(=O)[O-])SC1OC(CO)C(O)C(O)C1O
8336,AC1LDI49,CC1=C2C3OC(=O)C(C)C3CCC2(C)C=CC1=O
8337,623-15-4,CC(=O)C=Cc1ccco1
8338,Isobutyl cinnamate,CC(C)COC(=O)C=Cc1ccccc1
8339,Isoeugenol,CC=Cc1ccc(OC)c(OC)c1
8340,(-)-Borneol,CC1(C)C2CCC1(C)C(O)C2
8341,D-Fenchone,CC12CCC(C1)C(C)(C)C2=O
8342,Nootkatone,C=C(C)C1CCC2=CC(=O)CC(C)C2(C)C1
8343,Capsaicin,COc1cc(CNC(=O)CCCCC=CC(C)C)ccc1O
8344,cis-Jasmone,CCC=CCC1=C(C)CCC1=O
8345,Neryl acetate,CC(=O)OCC=C(C)CCC=C(C)C
8346,Geranyl Acetate,CC(=O)OCC=C(C)CCC=C(C)C
8347,cis-Anethole,CC=Cc1ccc(OC)cc1
8348,cis-Isoeugenol,CC=Cc1ccc(O)c(OC)c1
8349,cis-Methylisoeugenol,CC=Cc1ccc(OC)c(OC)c1
8350,3-(2-Furyl)acrolein,O=CC=Cc1ccco1
8351,Geranylacetone,CC(=O)CCC=C(C)CCC=C(C)C
8352,Ethyl Sorbate,CC=CC=CC(=O)OCC
8353,Cinnamonitrile,N#CC=Cc1ccccc1
8354,Hexyl cinnamic aldehyde,CCCCCCC(C=O)=Cc1ccccc1
8355,23726-92-3,CC=CC(=O)C1=C(C)CCCC1(C)C
8356,UNII-3KCT4WMT7E,CC(=O)CCC=C(C)CCC=C(C)CCC=C(C)C
8357,Farnesyl acetone,CC(=O)CCC=C(C)CCC=C(C)CCC=C(C)C
8358,Nerylacetone,CC(=O)CCC=C(C)CCC=C(C)C
8359,Caryophyllene oxide,C=C1CCC2OC2(C)CCC2C1CC2(C)C
8360,trans-2-Hexenyl acetate,CCCC=CCOC(C)=O
8361,"2,3-Dimethylbenzofuran",Cc1oc2ccccc2c1C
8362,"2,5-dimethylthiophene-3-carbaldehyde",Cc1cc(C=O)c(C)s1
8363,"2,5-Dimethyl-4-ethoxy-3(2H)-furanone",CCOC1=C(C)OC(C)C1=O
8364,80417-97-6,CC1=C2CCC(C)C=C2OC1=O
8365,Bisabolene,CC(C)=CCC=C(C)C1CC=C(C)CC1
8366,T-Muurolol,CC1=CC2C(C(C)C)CCC(C)(O)C2CC1
8367,"3-Methylcyclohexane-1,2-dione",CC1CCCC(=O)C1=O
8368,STK737742,COc1cc(C=O)ccc1OC1OC(CO)C(O)C(O)C1O
8369,489-53-2,COc1ccc2ccc(=O)oc2c1CC1OC1(C)C
8370,19322-27-1,CC1=C(O)C(=O)CO1
8371,Sedanolide,CCCCC1OC(=O)C2=CCCCC21
8372,Isopentyl cinnamate,CC(C)CCOC(=O)C=Cc1ccccc1
8373,Geranic Acid,CC(C)=CCCC(C)=CC(=O)O
8374,5-hydroxy-1-(4-hydroxy-3-methoxyphenyl)tetradecan-3-one,CCCCCCCCCC(O)CC(=O)CCc1ccc(O)c(OC)c1
8375,quercetin,O=c1c(O)c(-c2ccc(O)c(O)c2)oc2cc(O)cc(O)c12
8376,Phytol,C=CC(C)(O)CCCC(C)CCCC(C)CCCC(C)C
8377,apigenin,O=c1cc(-c2ccc(O)cc2)oc2cc(O)cc(O)c12
8378,luteolin,O=c1cc(-c2ccc(O)c(O)c2)oc2cc(OC3OC(CO)C(O)C(O)C3O)c(O)c(O)c12
8379,Vomifoliol,CC1=CC(=O)CC(C)(C)C1(O)C=CC(C)O
8380,(Z)-cinnamyl alcohol,OCC=Cc1ccccc1
8381,Farnesal,CC(C)=CCCC(C)=CCCC(C)=CC=O
8382,Chrysoeriol,COc1cc(-c2cc(=O)c3c(O)cc(O)cc3o2)ccc1O
8383,Isoquercitrin,O=c1c(OC2OC(CO)C(O)C(O)C2O)c(-c2ccc(O)c(O)c2)oc2cc(O)cc(O)c12
8384,kaempferol,O=c1c(O)c(-c2ccc(O)cc2)oc2cc(O)cc(O)c12
8385,3025-30-7,CCCCCC=CC=CC(=O)OCC
8386,Ethyl tiglate,CC=C(C)C(=O)OCC
8387,(Z)-Hex-3-en-1-ol,CCC=CCCO
8388,trans-2-Hexenal,CCCC=CC=O
8389,butein,O=C(C=Cc1ccc(O)c(O)c1)c1ccc(O)cc1O
8390,Harmane,Cc1nccc2c1[nH]c1ccccc12
8391,Beta-Caryophyllene,CC12CCCC(O)(C1)C1CC(C)(C)C1CC2
8392,alpha-Farnesene,C=CC(C)=CCC=C(C)CCC=C(C)C
8393,(E)-beta-farnesene,C=CC(=C)CCC=C(C)CCC=C(C)C
8394,Humulene,C/C1=C/CC/C(C)=C\CC(C)(C)/C=C\C1
8395,Alpha-Sinensal,C=CC(C)=CCC=C(C)CCC=C(C)C=O
8396,beta-Sinensal,C=CC(=C)CCC=C(C)CCC=C(C)C=O
8397,Oleuropein,CC=C1C(OC2OC(CO)C(O)C(O)C2O)OC=C(C(=O)OC)C1CC(=O)OCCc1ccc(O)c(O)c1
8398,Ocimene,C=CC(C)=CCC=C(C)C
8399,chrysin,O=c1cc(-c2ccccc2)oc2cc(O)cc(O)c12
8400,"3,7,4'-Trihydroxyflavone",O=c1c(O)c(-c2ccc(O)cc2)oc2cc(O)ccc12
8401,Fisetin,O=C1c2ccc(O)cc2OC(c2ccc(O)c(O)c2)C1O
8402,Genkwanin,COc1cc(O)c2c(=O)cc(-c3ccc(O)cc3)oc2c1
8403,Isorhamnetin,COc1cc(-c2oc3cc(O)cc(O)c3c(=O)c2O)ccc1O
8404,morin,C=C1CCC2C(=C)C(=O)OC2/C=C(/C)CCC1O
8405,Quercetagetin,O=c1c(O)c(-c2ccc(O)c(O)c2)oc2cc(O)c(O)c(O)c12
8406,Scutellarein,O=c1cc(-c2ccc(O)cc2)oc2cc(O)c(O)c(O)c12
8407,Tricetin,O=c1cc(-c2cc(O)c(O)c(O)c2)oc2cc(O)cc(O)c12
8408,Coumestrol,O=c1oc2cc(O)ccc2c2oc3cc(O)ccc3c12
8409,daidzein,O=c1c(-c2ccc(O)cc2)coc2cc(O)ccc12
8410,Prunetin,COc1cc(O)c2c(=O)c(-c3ccc(O)cc3)coc2c1
8411,Methyl jasmonate,CCC=CCC1C(=O)CCC1CC(=O)OC
8412,Alpha-Ionone,CC(=O)CCC1C(C)=CCCC1(C)C
8413,Geranyl formate,CC(C)=CCCC(C)=CCOC=O
8414,Cinnamyl acetate,CC(=O)OCC=Cc1ccccc1
8415,Ethyl Linoleate,CCCCCC=CCC=CCCCCCCCC(=O)OCC
8416,trans-2-Hexenoic acid,CCCC=CC(=O)O
8417,trans-3-Hexenoic acid,CCC=CCC(=O)O
8418,2-Decenoic acid,CCCCCCCC=CC(=O)O
8419,4-Decenoic acid,CCCCCC=CCCC(=O)O
8420,(E)-Hept-2-enal,CCCCC=CC=O
8421,"trans,trans-2,4-Heptadienal",CCC=CC=CC=O
8422,trans-2-Octenal,CCCCCC=CC=O
8423,"(2E,4E)-Octa-2,4-dienal",CCCC=CC=CC=O
8424,trans-2-Nonenal,CCCCCCC=CC=O
8425,"trans,trans-2,4-Nonadienal",CCCCC=CC=CC=O
8426,trans-2-Decenal,CCCCCCCC=CC=O
8427,"(2E,4E)-deca-2,4-dienal",CCCCCC=CC=CC=O
8428,2-Undecenal,CCCCCCCCC=CC=O
8429,trans-2-Dodecenal,CCCCCCCCCC=CC=O
8430,Methyl Linoleate,CCCCCC=CCC=CCCCCCCCC(=O)OC
8431,trans-3-Hexen-1-ol,CCC=CCCO
8432,Nerolidol,C=CC(C)(O)CCC=C(C)CCC=C(C)C
8433,NSC5112,O=c1c(-c2ccc(O)cc2)coc2cc(OC3OC(CO)C(O)C(O)C3O)cc(O)c12
8434,(Z)-Ethyl cinnamate,CCOC(=O)C=Cc1ccccc1
8435,50-69-1,O=CC(O)C(O)C(O)CO
8436,AC1NST8Q,CC1=CC2C(C(C)C)CCC(C)(O)C2CC1
8437,cinnamyl alcohol,OCC=Cc1ccccc1
8438,(Z)-Cinnamyl acetate,CC(=O)OCC=Cc1ccccc1
8439,Falcarindiol,C=CC(O)C#CC#CC(O)C=CCCCCCCC
8440,beta-cis-farnesene,C=CC(=C)CCC=C(C)CCC=C(C)C
8441,trans-2-Hexen-1-Ol,CCCC=CCO
8442,AC1NSWDQ,C/C1=C/CCC2(C)OC2CC(C)(C)/C=C\C1
8443,trans-2-Octen-1-Ol,CCCCCC=CCO
8444,Juniper camphor,CC(C)=C1CCC2(C)CCCC(C)(O)C2C1
8445,Methyl Linolenate,CCC=CCC=CCC=CCCCCCCCC(=O)OC
8446,2-Methyl-2-Pentenal,CCC=C(C)C=O
8447,Methyl propyl trisulfide,CCCSSSC
8448,(Z)-Beta-Ocimene,C=CC(C)=CCC=C(C)C
8449,Propenyl propyl disulfide,CC=CSSCCC
8450,Tiglic aldehyde,CC=C(C)C=O
8451,Caryophyllene,CC12CCCC(O)(C1)C1CC(C)(C)C1CC2
8452,Methyl sorbate,CC=CC=CC(=O)OC
8453,cis-2-Hexen-1-ol,CCCC=CCO
8454,Neryl butyrate,CCCC(=O)OCC=C(C)CCC=C(C)C
8455,(Z)-4-Hydroxy-6-dodecenoic acid lactone,CCCCCC=CCC1CCC(=O)O1
8456,(E)-gamma-Bisabolene,CC(C)=CCCC(C)=C1CC=C(C)CC1
8457,16491-36-4,CCC=CCCOC(=O)CCC
8458,68698-59-9,CCCC=CCOC(=O)CC(C)C
8459,trans-2-Hexenyl butyrate,CCCC=CCOC(=O)CCC
8460,2-Hexenyl propanoate,CCCC=CCOC(=O)CC
8461,"5,6-Epoxy-beta-ionone",CC(=O)C=CC12OC1(C)CCCC2(C)C
8462,41519-23-7,CCC=CCCOC(=O)C(C)C
8463,cis-3-Hexenyl hexanoate,CCC=CCCOC(=O)CCCCC
8464,Jasmine lactone,CCC=CCC1CCCC(=O)O1
8465,Ethyl cis-4-octenoate,CCCC=CCCC(=O)OCC
8466,Methyl (Z)-oct-4-enoate,CCCC=CCCC(=O)OC
8467,4-DECENYL ACETATE (Z),CCCCCC=CCCCOC(C)=O
8468,cis-5-Octen-1-ol,CCC=CCCCCO
8469,"3,5-Octadien-2-one",CCC=CC=CC(C)=O
8470,"4-Propenyl-2,6-dimethoxyphenol",CC=Cc1cc(OC)c(O)c(OC)c1
8471,(E)-2-Hexenyl hexanoate,CCCC=CCOC(=O)CCCCC
8472,MLS002702988,CC(=O)OC(C)(C)C=CC(=O)C(C)(O)C1C(O)CC2(C)C3CC=C4C(CC(O)C(=O)C4(C)C)C3(C)C(=O)CC12C
8473,Cucurbitacine E,CC(=O)OC(C)(C)C=CC(=O)C(C)(O)C1C(O)CC2(C)C3CC=C4C(C=C(O)C(=O)C4(C)C)C3(C)C(=O)CC12C
8474,Allyl crotonate,C=CCOC(=O)C=CC
8475,cis-2-Nonenal,CCCCCCC=CC=O
8476,Neryl formate,CC(C)=CCCC(C)=CCOC=O
8477,alpha-Methyl cinnamaldehyde,CC(C=O)=Cc1ccccc1
8478,Geranyl propionate,CCC(=O)OCC=C(C)CCC=C(C)C
8479,Geranyl butyrate,CCCC(=O)OCC=C(C)CCC=C(C)C
8480,Peruviol,C=CC(C)(O)CCC=C(C)CCC=C(C)C
8481,67860-38-2,CC(=O)c1ccnc(C)n1
8482,Ethyl trans-4-decenoate,CCCCCC=CCCC(=O)OCC
8483,81925-81-7,CC=CC(=O)C(C)CC
8484,"Propyl 2,4-decadienoate",CCCCCC=CC=CC(=O)OCCC
8485,Ethyl 3-Hexenoate,CCC=CCC(=O)OCC
8486,2-Isopropyl-5-methyl-2-hexenal,CC(C)CC=C(C=O)C(C)C
8487,cis-6-Nonenal,CCC=CCCCCC=O
8488,"3-Hexenoic acid, methyl ester",CCC=CCC(=O)OC
8489,cis-6-Nonen-1-ol,CCC=CCCCCCO
8490,cis-4-Heptenal,CCC=CCCC=O
8491,Geranyl isovalerate,CC(C)=CCCC(C)=CCOC(=O)CC(C)C
8492,"trans,cis-2,6-Nonadien-1-ol",CCC=CCCC=CCO
8493,5-Methyl-3-Hexen-2-One,CC(=O)C=CC(C)C
8494,3-Octen-2-One,CCCCC=CC(C)=O
8495,Ethyl oleate,CCCCCCCCC=CCCCCCCCC(=O)OCC
8496,cis-3-Hexenyl pyruvate,CCC=CCCOC(=O)C(C)=O
8497,cis-3-Hexenyl acetate,CCC=CCCOC(C)=O
8498,Ocimene quintoxide,CC=C(C)C1CCC(C)(C)O1
8499,gamma-Ionone,C=C1CCCC(C)(C)C1C=CC(C)=O
8500,alpha-Ionol,CC1=CCCC(C)(C)C1C=CC(C)O
8501,4-Methyl-2-phenyl-2-pentenal,CC(C)C=C(C=O)c1ccccc1
8502,cis-3-Hexenyl lactate,CCC=CCCOC(=O)C(C)O
8503,Ethyl 2-octenoate,CCCCCC=CC(=O)OCC
8504,Methyl 2-Hexenoate,CCCC=CC(=O)OC
8505,Ethyl elaidate,CCCCCCCCC=CCCCCCCCC(=O)OCC
8506,cis-3-Octen-1-ol,CCCCC=CCCO
8507,Methyl oct-2-enoate,CCCCCC=CC(=O)OC
8508,3-Hepten-2-One,CCCC=CC(C)=O
8509,trans-2-Pentenal,CCC=CC=O
8510,Ethyl hex-2-enoate,CCCC=CC(=O)OCC
8511,cis-2-Penten-1-ol,CCC=CCO
8512,trans-2-Penten-1-ol,CCC=CCO
8513,trans-2-Nonen-1-ol,CCCCCCC=CCO
8514,trans-2-Undecen-1-ol,CCCCCCCCC=CCO
8515,cis-2-Nonen-1-ol,CCCCCCC=CCO
8516,cis-3-Hexenyl propionate,CCC=CCCOC(=O)CC
8517,53398-85-9,CCC=CCCOC(=O)C(C)CC
8518,cis-3-Hexenyl formate,CCC=CCCOC=O
8519,"3,6-Nonadien-1-ol, (E,Z)-",CCC=CCC=CCCO
8520,"1,3-Hexadiene, 3-ethyl-2-methyl-",C=C(C)C(=CCC)CC
8521,4-Hexen-3-One,CC=CC(=O)CC
8522,2-Octen-4-one,CC=CC(=O)CCCC
8523,2-Methyl-2-Pentenoic Acid,CCC=C(C)C(=O)O
8524,Neryl propionate,CCC(=O)OCC=C(C)CCC=C(C)C
8525,Neryl isobutyrate,CC(C)=CCCC(C)=CCOC(=O)C(C)C
8526,Geranyl caproate,CCCCCC(=O)OCC=C(C)CCC=C(C)C
8527,"2-Butenoic acid, hexyl ester",CC=CC(=O)OCCCCCC
8528,Damascenone,CC=CC(=O)C1=C(C)C=CCC1(C)C
8529,alpha-Damascone,CC=CC(=O)C1C(C)=CCCC1(C)C
8376,Phytol,C=CC(C)(O)CCCC(C)CCCC(C)CCCC(C)C
8531,Hotrienol,C=CC(C)(O)CC=CC(=C)C
8532,Acetaldehyde ethyl cis-3-hexenyl acetal,CCC=CCCOC(C)OCC
8533,"Disulfide, methyl 1-propenyl",CC=CSSC
8534,Methyl 3-nonenoate,CCCCCC=CCC(=O)OC
8535,"4-Octenoic acid, methyl ester",CCCC=CCCC(=O)OC
8536,"1,3,5-Undecatriene",C=CC=CC=CCCCCC
8537,"(2E,4E)-Dodeca-2,4-dienal",CCCCCCCC=CC=CC=O
8538,"(2E,4E)-Undeca-2,4-dienal",CCCCCCC=CC=CC=O
8539,cis-3-Hexenyl isovalerate,CCC=CCCOC(=O)CC(C)C
8540,cis-3-Hexenyl pentanoate,CCC=CCCOC(=O)CCCC
8541,cis-3-Hexenyl phenylacetate,CCC=CCCOC(=O)Cc1ccccc1
8542,cis-3-Hexenyl benzoate,CCC=CCCOC(=O)c1ccccc1
8411,Methyl jasmonate,CCC=CCC1C(=O)CCC1CC(=O)OC
8544,Geranyl tiglate,CC=C(C)C(=O)OCC=C(C)CCC=C(C)C
8545,"1-Butene, 1-(methylthio)-, (E)-",CCC=CSC
8546,3-Oxo-alpha-ionol,CC1=CC(=O)CC(C)(C)C1C=CC(C)O
8547,"6-Methylhepta-3,5-dien-2-one",CC(=O)C=CC=C(C)C
8548,5-Methyl-2-phenyl-2-hexenal,CC(C)CC=C(C=O)c1ccccc1
8549,alpha-Irone,CC(=O)C=CC1C(C)=CCC(C)C1(C)C
8550,Alpha-Methylcinnamaldehyde,CC(C=O)=Cc1ccccc1
8551,cis-Cinnamic acid,O=C(O)C=Cc1ccccc1
8552,3-Propylidenephthalide,CCC=C1OC(=O)c2ccccc21
8553,beta-Ionol,CC1=C(CCC(C)O)C(C)(C)CCC1
8554,beta-Damascone,CC=CC(=O)C1=C(C)CCCC1(C)C
8555,"5,7-Dihydroxyisoflavone",O=c1c(-c2ccccc2)coc2cc(O)cc(O)c12
8556,(2R)-2-isothiocyanatobutane,CCC(C)N=C=S
8557,"methyl (9E,12Z)-octadeca-9,12-dienoate",CCCCCC=CCC=CCCCCCCCC(=O)OC
8558,2-Hepten-4-One,CC(C)=CC(=O)CC(C)(O)C1CC=C(C)CC1
8559,"2,4-Decadienoic acid methyl ester",CCCCCC=CC=CC(=O)OC
8560,"2-Octen-1-ol, acetate",CCCCCC=CCOC(C)=O
8561,Ethyl trans-2-decenoate,CCCCCCCC=CC(=O)OCC
8562,1-Ethoxy-3-methyl-2-butene,CCOCC=C(C)C
8563,4-[(Z)-prop-1-enyl]phenol,CC=Cc1ccc(O)cc1
8564,4-Methyl-2-Pentenal,CC(C)C=CC=O
8565,"2,4-Pentadienal",C=CC=CC=O
8566,Angelaldehyde,CC=C(C)C=O
8567,Geranyl isobutyrate,CC(C)=CCCC(C)=CCOC(=O)C(C)C
8568,2-Methyl-3-(2-furyl)propenal,CC(C=O)=Cc1ccco1
8569,Isoborneol,CC1(C)C2CCC1(C)C(O)C2
8570,Allyldimethylsilane,C=CC[Si](C)C
8571,"(1Z,4Z)-germacrene B",CC(C)=C1C/C=C(/C)CC/C=C(/C)CC1
8572,Ethyl 5-hexenoate,C=CCCCC(=O)OCC
8573,"2,4,7-Tridecatrienal, (E,Z,Z)-",CCCCCC=CCC=CC=CC=O
8574,"2E,4Z-Decadienal",CCCCCC=CC=CC=O
8575,(-)-Isopinocamphone,CC1C(=O)CC2CC1C2(C)C
8576,p-Menthene-8-thiol,CC1=CCC(C(C)(C)S)CC1
8577,UNII-P6B6JD2N2Z,C=CC1(C)CCC(O)C(C)(C)O1
8578,UNII-89JV2MJ158,C=CC1(C)CCC(O)C(C)(C)O1
8579,Methyl dl-jasmonate,CCC=CCC1C(=O)CCC1CC(=O)OC
8580,Methyl cis-cinnamate,COC(=O)C=Cc1ccccc1
8581,"(1R,6S)-gamma-himachalene",CC1=CC2C(CC1)C(C)=CCCC2(C)C
8582,"(2Z,4E)-nona-2,4-dienal",CCCCC=CC=CC=O
8583,CHEBI:88903,C=CC1(C)CCC(C(C)(C)O)O1
8584,"6,7-Dihydro-2,3-Dimethyl-5H-Cyclopentapyrazine",Cc1nc2c(nc1C)CCC2
8585,3-hydroxy-4-phenylbutan-2-one,CC(=O)C(O)Cc1ccccc1
8586,Methialdol,CSCCC=C(C=O)CSC
8587,trans-.alpha.-bergaptene,CC(C)=CCCC1(C)C2CC=C(C)C1C2
8588,2-propionyl-2-thiazoline,CCC(=O)C1=NCCS1
8589,cis-Cinnamaldehyde,O=CC=Cc1ccccc1
8590,2-Phenyl-2-Butenal,CC=C(C=O)c1ccccc1
8591,(Z)-4-Dodecenal,CCCCCCCC=CCCC=O
8592,"cis-limonene 1,2 oxide",CCCC(CCC(C)OC)C(C)C
8593,2-trans-6-cis-Dodecadienal,CCCCCC=CCCC=CC=O
8594,227456-27-1,CCC(S)C(C)CO
8595,"1-Butanol, 3-mercapto-2-methyl-",CC(S)C(C)CO
8596,Cedr-8-ene,CC1=CCC23CC1C(C)(C)C2CCC3C
8597,gamma-Eudesmol,CC1=C2CC(C(C)(C)O)CCC2(C)CCC1
8598,Linalool A oxide,C=CC1(C)CCC(C(C)(C)O)O1
8600,Isomenthone,CC1CCC(C(C)C)C(=O)C1
8601,Bovolide,CCCCC=C1OC(=O)C(C)=C1C
8602,"(5E)-3,5-dimethylocta-1,5,7-trien-3-ol",C=CC=C(C)CC(C)(O)C=C
8603,"(Z,z)-3,6-nonadien-1-ol",CCC=CCC=CCCO
8604,2-Methyl-3-pentenoic acid,CC=CC(C)C(=O)O
8605,4-methyl-2-phenylpent-2-enal,CC(C)C=C(C=O)c1ccccc1
8606,1-Popc,CCCCCCCCC=CCCCCCCCC(=O)OC(COC(=O)CCCCCCCCCCCCCCC)COP(=O)([O-])OCC[N+](C)(C)C
8607,Ocimen quintoxide,CC=C(C)C1CCC(C)(C)O1
8608,34686-71-0,CCC=CCC1CCCC(=O)O1
8609,Acetylvalerenolic acid,CC(=O)OC1CC(C)=C2C(C=C(C)C(=O)O)CCC(C)C21
8610,caftaric acid,O=C(C=Cc1ccc(O)c(O)c1)OC(C(=O)O)C(O)C(=O)O
8611,Vitispirane,C=C1C=CCC(C)(C)C12CCC(C)O2
8612,6753-98-6,C/C1=C/CC/C(C)=C\CC(C)(C)/C=C\C1
8613,Borneol,CC1(C)C2CCC1(C)C(O)C2
8614,beta-SANTALOL,C=C1C2CCC(C2)C1(C)CCC=C(C)CO
8615,Sinigrin,C=CCC(=NOS(=O)(=O)O)SC1OC(CO)C(O)C(O)C1O
8616,Beta-Elemene,C=CC1(C)CCC(C(=C)C)CC1C(=C)C
8617,87-91-2,CCOC(=O)C(O)C(O)C(=O)OCC
8618,(E)-hex-2-enoate,CCCC=CC(=O)[O-]
8619,Glucobrassicin,O=S(=O)(O)ON=C(Cc1c[nH]c2ccccc12)SC1OC(CO)C(O)C(O)C1O
8620,S-allyl-L-cysteine,C=CCSCC(N)C(=O)O
8621,Valencene,C=C(C)C1CCC2=CCCC(C)C2(C)C1
8622,CID 9989713,CCCCCC(CC)OC(C)=O
8623,beta-Bisabolene,C=C(CCC=C(C)C)C1CC=C(C)CC1
8624,alpha-Cadinol,CC1=CC2C(C(C)C)CCC(C)(O)C2CC1
8625,Alpha-Selinene,C=C(C)C1CCC2(C)CCC=C(C)C2C1
8626,2-Methylthioacetaldehyde,CSCC=O
8627,(Z)-Hex-4-enal,CC=CCCC=O
8628,2-Mercapto-2-Methyl-1-Pentanol,CCCC(C)(S)CO
8629,"(E,E)-2,4-Decadienoic isobutylamide",CCCCCC=CC=CC(=O)NCC(C)C
8630,(R)-beta-himachalene,CC1=CC2C(=C(C)CCCC2(C)C)CC1
8631,Sabinene hydrate,CC(C)C12CCC(C)(O)C1C2
8632,Caryophyllene alcohol,CC12CCCC(O)(C1)C1CC(C)(C)C1CC2
8633,(-)-alpha-Himachalene,C=C1CCCC(C)(C)C2C=C(C)CCC12
8634,55896-93-0,CCOC(=O)CS(=O)(=O)Cl
8635,CID 12305247,C=C1CCC2C(C3C(C)CCC13)C2(C)C
8636,alpha-Muurolene,CC1=CC2C(CC1)C(C)=CCC2C(C)C
8637,alpha-Cadinene,CC1=CC2C(CC1)C(C)=CCC2C(C)C
8638,"2-Pentenal, (Z)-",CCC=CC=O
8639,UNII-M41Y60O5BZ,CCC=C(C)C=O
8640,Clove Oil,COC(=O)C(N)Cc1cnc[nH]1.Cl
8642,Ganoderic acid A,CC(CC(=O)CC(C)C1CC(O)C2(C)C3=C(C(=O)CC12C)C1(C)CCC(=O)C(C)(C)C1CC3O)C(=O)O
8643,WLN: R1U1VO1R,O=C(C=Cc1ccccc1)OCc1ccccc1
8645,99583-29-6,CC(=O)C1CCC=N1
8646,Vitamin U,C[S+](C)CCC(N)C(=O)O.[Cl-]
8647,cis-3-Hexenyl crotonate,CC=CC(=O)OCCC=CCC
8648,CID 21159022,C/C1=C/C2C(CC/C(C)=C\CC1)C2(C)C
8649,55123-21-2,C=C1CCC2CC1C2(C)CCC=C(C)C
8650,HMDB05796,CC1=C(C=O)C(C)(C)CC(OC2OC(CO)C(O)C(O)C2O)C1
8651,Potassium Sorbate,CC=CC=CC(=O)[O-].[K+]
8652,"Santalol, alpha- and beta-",C=C1C2CCC(C2)C1(C)CCC=C(C)CO.CC(=CCCC1(C)C2CC3C(C2)C31C)CO
8653,"2-Propen-1-one, 3-(4-hydroxyphenyl)-1-phenyl-",O=C(C=Cc1ccc(O)cc1)c1ccccc1
8654,(RS)-norcoclaurinium,Oc1ccc(CC2[NH2+]CCc3cc(O)c(O)cc32)cc1
8655,S-Methyl 4-methylpentanethioate,CSC(=O)CCC(C)C
8656,D-Isoleucine Methyl Ester Hydrochloride,CCC(C)C(N)C(=O)OC.Cl
8657,l-ascorbic acid,O=C1OC(C(O)CO)C(O)=C1O
8658,33368-82-0,C=CC(C=CC)SSC(C=C)C=CC
8659,156420-69-8,C=CCOC(=S)CCCCC
8660,2-[(Methylthio)methyl]-2-butenal,CC=C(C=O)CSC
8661,(-)-alpha-Copaene,CC1=CCC2C3C(C(C)C)CCC2(C)C13
8662,"Glycerides, palm-oil mono- and di-, hydrogenated, 3-oxododecanoates",CC([O-])CO.CCCCCCCCCC(=O)CC(=O)O
8663,"Glycerides, palm-oil mono- and di-, hydrogenated, 3-oxooctanoates",CC([O-])CO.CCCCCC(=O)CC(=O)O
7103,3-Methyl-2-oxobutanoic acid,CC(C)C(=O)C(=O)O
7104,2-oxobutanoic acid,CC(C)C(=O)C(=O)O
7105,4-Methyl-2-oxovaleric acid,CC(C)CC(=O)C(=O)O
7106,"3,4-Dihydroxybenzoic Acid",O=C(O)c1ccc(O)c(O)c1
7107,3-Phenylpropanoic acid,O=C(O)CCc1ccccc1
7108,4-hydroxybenzyl alcohol,OCc1ccc(O)cc1
7109,4-hydroxybenzaldehyde,O=Cc1ccc(O)cc1
7110,4-Hydroxybenzoic Acid,O=C(O)c1ccc(O)cc1
7111,acetic acid,CC(=O)O
7112,acetaldehyde,CC=O
7113,acetamide,CC(N)=O
7114,acetoin,CC(=O)C(C)O
7115,acetone,CC(C)=O
7116,adipic acid,O=C(O)CCCCC(=O)O
7117,benzaldehyde,O=Cc1ccc(O)cc1
7118,benzoic acid,O=C(O)c1ccc(O)c(O)c1
7119,benzyl alcohol,OCc1ccc(O)cc1
7120,betaine,C[N+](C)(C)CC(=O)[O-]
7121,butyraldehyde,CCCC=O
7122,"2,3-butanediol",CC(O)C(C)O
7123,1-butanol,CCCCO
7124,butyric acid,NCCCC(=O)O
7125,formic acid,O=CO
7126,Aconitic Acid,O=C(O)C=C(CC(=O)O)C(=O)O
7127,citric acid,O=C(O)CC(O)(CC(=O)O)C(=O)O
7128,hydrochloric acid,Cl
7129,coumarin,O=c1ccc2ccccc2o1
7130,4-isopropylbenzyl alcohol,CC(C)c1ccc(CO)cc1
7131,4-isopropylbenzaldehyde,CC(C)c1ccc(C=O)cc1
7132,2-Methoxy-4-vinylphenol,C=Cc1ccc(O)c(OC)c1
7133,o-cresol,Cc1ccccc1O
7134,salicylic acid,O=C(O)c1ccccc1O
7135,m-cresol,Cc1cccc(O)c1
7136,octane,CCCCCCCC
7137,octanoic acid,CCCCCCCC(=O)O
7138,hydrogen sulfide,S
7139,Octanal,CCCCCCCC=O
7140,guaiacol,COc1ccccc1O
7141,4-Methylthio-2-oxobutanoic acid,CSCCC(=O)C(=O)O
7142,Propionaldehyde,CCC=O
7143,Dl-Alanine,CC(N)C(=O)O
7144,lactic acid,CC(O)C(=O)O
7145,"2,3-butanedione",CC(=O)C(C)=O
7146,dihydrocoumarin,O=C1CCc2ccccc2O1
7147,dimethyl sulfoxide,CS(C)=O
7148,ethanol,CCO
7149,Glutaric Acid,O=C(O)CCC(=O)C(=O)O
7150,glycerol,OCC(O)CO
7151,hydrogen cyanide,C#N
7152,hydrogen peroxide,OO
7153,indole,c1ccc2[nH]ccc2c1
7154,indole-3-acetic acid,O=C(O)Cc1c[nH]c2ccccc12
7155,DL-Tartaric acid,O=C(O)C(O)C(O)C(=O)O
7156,Dl-Methionine,CSCCC(N)C(=O)O
7157,methanethiol,CS
7158,methylglyoxal,CC(=O)C=O
7159,methanol,CO
7160,naphthalene,c1ccc2ccccc2c1
7161,1-octanol,CCCCCCCCO
7162,3-Hydroxypyruvic acid,O=C(O)C(=O)CO
7163,palmitic acid,CCCCCCCCCCCCCCCC(=O)O
7164,Dl-Phenylalanine,NC(Cc1ccccc1)C(=O)O
7165,phenol,C=Cc1ccc(O)c(OC)c1
7166,phenylacetaldehyde,O=CCc1ccccc1
7167,Phenylacetic Acid,O=C(O)Cc1ccccc1
7168,Phenethylamine,NCCc1ccccc1
7169,"1,2-propanediol",CC(O)CO
7170,1-propanol,CCCO
7171,propionic acid,CCC(=O)O
7172,Pyridine,c1ccncc1
7173,Pyruvic acid,O=C(O)C(=O)CO
7174,dimethyl sulfide,CSC
7175,succinic acid,O=C(O)CCC(=O)O
7176,sulfur dioxide,O=S=O
7177,taurine,NCCS(=O)(=O)O
7178,thiamine,Cc1ncc(C[n+]2csc(CCO)c2C)c(N)n1
7179,4-Methyl-5-Thiazoleethanol,Cc1ncsc1CCO
7180,toluene,Cc1ccccc1
7181,trimethylamine,C[N+](C)(C)[O-]
7182,DL-Valine,CC(C)C(N)C(=O)O
7183,vanillin,COc1cc(C=O)ccc1O
7184,"4a(2H)-Naphthol, octahydro-4,8a-dimethyl-",CC1CCCC2(C)CCCCC12O
7185,"2,4-dihydroxybenzoic acid",O=C(O)c1ccc(O)cc1O
7186,DL-Liquiritigenin,O=C1CC(c2ccc(O)cc2)Oc2cc(O)ccc21
7187,Acetovanillone,COc1cc(C(C)=O)ccc1O
7188,Benzyl Benzoate,O=C(OCc1ccccc1)c1ccccc1
7189,benzyl isothiocyanate,S=C=NCc1ccccc1
7190,caffeine,Cn1c(=O)c2c(ncn2C)n(C)c1=O
7191,Cinchonidine,C=CC1CN2CCC1CC2C(O)c1ccnc2ccccc12
7192,Eucalyptol,CC12CCC(CC1)C(C)(C)O2
7193,P-Cresol,Cc1ccc(O)cc1
7194,Decanoic acid,CCCCCCCCCC(=O)O
7195,Nonivamide,CCCCCCCCC(=O)NCc1ccc(O)c(OC)c1
7196,dibutyl phthalate,CCCCOC(=O)c1ccccc1C(=O)OCCCC
7197,Benzophenone,O=C(c1ccccc1)c1ccccc1
7198,eugenol,C=CCc1ccc(O)c(OC)c1
7199,gingerol,CCCCCC(O)CC(=O)CCc1ccc(O)c(OC)c1
7200,isopropanol,CC(C)O
7201,lanatoside C,CC(=O)OC1CC(OC2C(O)CC(OC3C(O)CC(OC4CCC5(C)C(CCC6C5CC(O)C5(C)C(C7=CC(=O)OC7)CCC65O)C4)OC3C)OC2C)OC(C)C1OC1OC(CO)C(O)C(O)C1O
7202,lauric acid,CCCCCCCCCCCC(=O)O
7203,methoxsalen,COc1c2occc2cc2ccc(=O)oc12
7204,methyl salicylate,COC(=O)c1ccccc1O
7205,Myristicin,C=CCc1cc(OC)c2c(c1)OCO2
7206,"1-(4-{[4,5-dihydroxy-6-(hydroxymethyl)-3-[(3,4,5-trihydroxy-6-methyloxan-2-yl)oxy]oxan-2-yl]oxy}-2,6-dihydroxyphenyl)-3-(3-hydroxy-4-methoxyphenyl)propan-1-one",COc1ccc(CCC(=O)c2c(O)cc(OC3OC(CO)C(O)C(O)C3OC3OC(C)C(O)C(O)C3O)cc2O)cc1O
7207,papaverine,COc1ccc(Cc2nccc3cc(OC)c(OC)cc23)cc1OC
7208,phloretin,O=C(CCc1ccc(O)cc1)c1c(O)cc(O)cc1O
7209,propyl gallate,CCCOC(=O)c1cc(O)c(O)c(O)c1
7210,resorcinol,Oc1cccc(O)c1
7211,safrole,C=CCc1ccc2c(c1)OCO2
7212,stearic acid,CCCCCCCCCCCCCCCCCC(=O)O
7213,theobromine,Cn1cnc2c1c(=O)[nH]c(=O)n2C
7214,triacetin,CC(=O)OCC(COC(C)=O)OC(C)=O
7215,tyramine,NCCc1ccc(O)cc1
7216,10-Undecenoic Acid,C=CCCCCCCCCC(=O)O
7217,D-Sorbitol,OCC(O)C(O)C(O)C(O)CO
7218,L-aspartic acid,NC(CC(=O)O)C(=O)O
7219,L-lysine,NCCCCC(N)C(=O)O
7220,Allyl Isothiocyanate,C=CCN=C=S
7221,Tributyrin,CCCC(=O)OCC(COC(=O)CCC)OC(=O)CCC
7222,2-Phenylethanol,OCCc1ccccc1
7223,Phlorizin,O=C(CCc1ccc(O)cc1)c1c(O)cc(O)cc1OC1OC(CO)C(O)C(O)C1O
7224,L-phenylalanine,NC(Cc1ccccc1)C(=O)O
7225,Hexanal,CCCCCC=O
7226,Thiamine Hydrochloride,Cc1ncc(C[n+]2csc(CCO)c2C)c(N)n1.Cl.[Cl-]
7227,Dimethyl sulfone,CS(C)(=O)=O
7228,D-mannitol,OCC(O)C(O)C(O)C(O)CO
7229,L-histidine,NC(Cc1cnc[nH]1)C(=O)O
7230,1-Pentanol,CCCCCO
7231,L-arginine,NC(N)=NCCCC(N)C(=O)O
7232,Ethanamine,CCN
7233,Ethanethiol,CS
7234,Dichloromethane,ClCCl
7235,Isopropylamine,CC(C)N
7236,2-Propanethiol,CC(C)S
7237,2-Methyl-2-Butanol,CCC(C)(C)O
7238,Bornyl Acetate,CC(=O)OC1CC2CCC1(C)C2(C)C
7239,3-Methyl-3-Pentanol,CCC(C)(O)CC
7240,Triethyl Citrate,CCOC(=O)CC(O)(CC(=O)OCC)C(=O)OCC
7241,Linalyl isobutyrate,C=CC(C)(CCC=C(C)C)OC(=O)C(C)C
7242,Isophorone,CC1=CC(=O)CC(C)(C)C1
7243,Linalool,CCC(C)(O)CCCC(C)C
7244,Isobutylamine,CC(C)CN
7245,2-Methyl-1-propanol,CC(C)CO
7246,Isobutyraldehyde,CC(C)C=O
7247,2-Butanol,CCC(C)(C)O
7248,2-Butanone,CCC(C)=O
7249,Methyl Acetate,COC(C)=O
7250,Isobutyric Acid,CC(C)C(=O)O
7251,Camphene,C=C1C2CCC(C2)C1(C)C
7252,Alpha-Pinene,CC1=CCC2CC1C2(C)C
7253,80-71-7,CC1=C(O)C(=O)CC1
7254,3-Methylindole,Cc1c[nH]c2ccccc12
7255,Methyl 2-(methylamino)benzoate,CNc1ccccc1C(=O)OC
7256,Isoamyl salicylate,CC(C)CCOC(=O)c1ccccc1O
7257,Ethyl 2-aminobenzoate,CCOC(=O)c1ccccc1N
7258,2-Ethylbutyric Acid,CCC(CC)C(=O)O
7259,2-Furoic Acid,O=C(O)c1ccco1
7260,2-Acetylthiophene,CC(=O)c1cccs1
7261,2-Isopropylphenol,CC(C)c1ccccc1O
7262,Guaiene,CC(C)=C1CCC(C)C2=C(C1)C(C)CC2
7263,"2',4'-Dimethylacetophenone",CC(=O)c1ccc(C)cc1C
7264,2-Isopropyl-5-methylcyclohexanone,CC1CCC(C(C)C)C(=O)C1
7265,Piperitone,CC1=CC(=O)C(C(C)C)CC1
7266,Pulegone,CC(C)=C1CCC(C)CC1=O
7267,Thymol,Cc1ccc(C(C)C)c(O)c1
7268,Salicylaldehyde,O=Cc1ccccc1O
7269,1-Methylnaphthalene,Cc1cccc2ccccc12
7270,"2,6-Dimethoxyphenol",COc1cccc(OC)c1O
7271,"1,2-Dimethoxybenzene",COc1ccccc1OC
7272,Quinoline,c1ccc2ncccc2c1
7273,2-Methylnaphthalene,Cc1ccc2ccccc2c1
7274,6-Methylquinoline,Cc1ccc2ncccc2c1
7275,Biphenyl,c1ccc(-c2ccccc2)cc1
7276,Methyleugenol,C=CCc1ccc(OC)c(OC)c1
7277,Acetyleugenol,C=CCc1ccc(OC(C)=O)c(OC)c1
7278,2-Methoxy-4-Methylphenol,COc1cc(C)ccc1O
7279,2-Phenylpropanal,CC(C=O)c1ccccc1
7280,Propiophenone,CCC(=O)c1ccccc1
7281,Methyl Benzoate,COC(=O)c1ccccc1
7282,Methyl Nicotinate,COC(=O)c1cccnc1
7283,Ethyl Benzoate,COC(=O)c1ccccc1
7284,Isopentyl benzoate,CC(C)CCOC(=O)c1ccccc1
7285,Phenethyl benzoate,O=C(OCCc1ccccc1)c1ccccc1
7286,Benzothiazole,c1ccc2scnc2c1
7287,O-Xylene,Cc1ccccc1C
7288,"1,2,4-Trimethylbenzene",Cc1ccc(C)c(C)c1
7289,"3,4-Dimethylphenol",Cc1ccc(O)cc1C
7290,"2,5-Dimethylphenol",Cc1ccc(C)c(O)c1
7291,2-Methylbutyraldehyde,CCC(C)C=O
7292,3-Pentanone,CCC(=O)CC
7293,gamma-Butyrolactone,O=C1CCCO1
7294,Carvyl Acetate,C=C(C)C1CC=C(C)C(OC(C)=O)C1
7295,2-Methylpentanoic acid,CCCC(C)C(=O)O
7296,Ethyl Isobutyrate,CCOC(=O)C(C)C
7297,Ethyl Lactate,CCOC(=O)C(C)O
7298,Isobutyl isobutyrate,CC(C)COC(=O)C(C)C
7299,Butyl isobutyrate,CC(C)COC(=O)C(C)C
7300,2-Ethylbutanal,CCC(C=O)CC
7301,Tetrahydrofurfuryl Alcohol,OCC1CCCO1
7302,Furfuryl Alcohol,OCC1CCCO1
7303,2-Furaldehyde,O=Cc1ccco1
7304,Furfuryl mercaptan,SCc1ccco1
7305,Thiophene-2-carbaldehyde,O=Cc1cccs1
7306,4-tert-Butylphenol,CC(C)(C)c1ccc(O)cc1
7307,1-Phenylethanol,CC(O)c1ccccc1
7308,Acetophenone,CC(=O)c1ccc(C)cc1C
7309,Carveol,C=C(C)C1CC=C(C)C(O)C1
7310,Carvone,C=C(C)C1CC=C(C)C(=O)C1
7311,Methyl 4-hydroxybenzoate,COC(=O)c1ccc(O)cc1
7312,p-Menthane,CC1CCC(C(C)C)CC1
7313,Alpha-Phellandrene,CC1=CCC(C(C)C)C=C1
7314,Gamma-Terpinene,CC1=CCC(C(C)C)=CC1
7315,Alpha-Terpinene,CC1=CC=C(C(C)C)CC1
7316,P-Cymene,Cc1ccc(C(C)C)cc1
7317,4-Isopropylphenol,CC(C)c1ccc(O)cc1
7318,4'-Hydroxyacetophenone,CC(=O)c1ccc(O)cc1
7319,4'-Methoxyacetophenone,COc1ccc(C(C)=O)cc1
7320,4-Methoxybenzoic Acid,COc1ccc(C(=O)O)cc1
7321,Styrene,C=Cc1ccccc1
7322,Benzyl Mercaptan,SCc1ccccc1
7323,Anisole,COc1ccccc1
7324,Thioanisole,CSc1ccccc1
7325,2-Ethylpyridine,CCc1ccccn1
7326,2-Methyl-1-phenyl-2-propanol,CC(C)(O)Cc1ccccc1
7327,Methyl Phenylacetate,COC(=O)Cc1ccccc1
7328,Diphenyl oxide,c1ccc(Oc2ccccc2)cc1
7329,Ethyl Phenylacetate,COC(=O)Cc1ccccc1
7330,102-19-2,CC(C)CCOC(=O)Cc1ccccc1
7331,Methyl 3-phenylpropionate,COC(=O)CCc1ccccc1
7332,Benzyl isobutyrate,CC(C)C(=O)OCc1ccccc1
7333,Benzyl butyrate,CCCC(=O)OCc1ccccc1
7334,Benzyl isovalerate,CC(C)CC(=O)OCc1ccccc1
7335,Phenethyl acetate,CC(=O)OCCc1ccccc1
7336,Phenethyl isobutyrate,CC(C)C(=O)OCCc1ccccc1
7337,Benzyl ether,c1ccc(COCc2ccccc2)cc1
7338,Phenethyl butyrate,CCCC(=O)OCCc1ccccc1
7339,103-61-7,CCCC(=O)OCC=Cc1ccccc1
7340,4-Methoxybenzyl acetate,COc1ccc(COC(C)=O)cc1
7341,104-50-7,CCCCC1CCC(=O)O1
7342,3-Phenylpropanal,O=CCCc1ccccc1
7343,Benzyl formate,O=COCc1ccccc1
7344,gamma-Nonanolactone,CCCCCC1CCC(=O)O1
7345,2-Phenylethyl formate,O=COCCc1ccccc1
7346,Gamma-undecalactone,CCCCCCCC1CCC(=O)O1
7347,2-Ethylhexan-1-ol,CCCCC(CC)CO
7348,p-Tolualdehyde,Cc1ccc(C=O)cc1
7349,5-Ethyl-2-methylpyridine,CCc1ccc(C)nc1
7350,4-Methylanisole,COc1ccc(C)cc1
7351,4-Methoxybenzyl Alcohol,COc1ccc(CO)cc1
7352,gamma-Heptalactone,CCCC1CCC(=O)O1
7353,Ethyl Propionate,CCOC(=O)CC
7354,3-Methylvaleric acid,CCC(C)CC(=O)O
7355,Diethyl Malonate,CCOC(=O)CC(=O)OCC
7356,Ethyl Butyrate,CCCC(=O)OCCc1ccccc1
7357,Acetal,CC=O
7358,Propyl butyrate,CCCOC(=O)CCC
7359,Isoamyl propionate,CCC(=O)OCCC(C)C
7360,Isobutyl hexanoate,CCCCCC(=O)OCC(C)C
7361,Citronellyl formate,CC(C)=CCCC(C)CCOC=O
7362,"3,7-Dimethyl-1-octanol",CC(C)CCCC(C)CCO
7363,Citronellal,CC(C)=CCCC(C)CC=O
7364,Isoamyl butyrate,CCCC(=O)OCCC(C)C
7365,Ethyl Heptanoate,CCCCCCC(=O)OCC
7366,Ethyl Octanoate,CCCCCCCC(=O)OCC
7367,Ethyl dodecanoate,CCCCCCCCCCCC(=O)OCC
7368,3-Heptanone,CCCCC(=O)CC
7369,Propyl Propionate,CCCOC(=O)CC
7370,P-Xylene,Cc1ccc(C)cc1
7371,Dimethyl Succinate,COC(=O)CCC(=O)OC
7372,Methyl Hexanoate,CCCCCC(=O)OC
7373,Methyl Heptanoate,CCCCCCC(=O)OC
7374,Acrolein,C=CC=O
7375,1-Propanethiol,CCCS
7376,Propylamine,CC(C)N
7377,Allyl Alcohol,C=CCO
7378,Hydroxycitronellal,CC(CC=O)CCCC(C)(C)O
7379,Isoamylamine,CC(C)CCN
7380,2-Pentanone,CCCC(C)=O
7381,"1,3-Butanediol",CC(O)CCO
7382,4-Methyl-2-pentanone,CC(=O)CC(C)C
7383,Isopropyl Acetate,CC(=O)OC(C)C
7384,Acetic Anhydride,CC(=O)OC(C)=O
7385,gamma-Valerolactone,CC1CCC(=O)O1
7386,M-Xylene,Cc1cccc(C)c1
7387,"2,6-Dimethylpyridine",Cc1cccc(C)n1
7388,"2,6-Dimethylpyrazine",Cc1cncc(C)n1
7389,Dimethyl malonate,COC(=O)CC(=O)OC
7390,Ethyl Isovalerate,CCOC(=O)CC(C)C
7391,Mesitylene,Cc1cc(C)cc(C)c1
7392,"2,6-Dimethyl-4-heptanol",CC(C)CC(O)CC(C)C
7393,"2,6-Dimethyl-4-heptanone",CC(C)CC(=O)CC(C)C
7394,Methylcyclohexane,CC1CCCCC1
7395,Chlorobenzene,Clc1ccccc1
7396,Cyclohexanol,OC1CCCCC1
7397,Cyclohexanone,CC1CCC(C(C)C)C(=O)C1
7398,2-Methylpyridine,CCc1ccc(C)nc1
7399,2-Methylpyrazine,Cc1cnccn1
7400,Butyl Isovalerate,CCCCOC(=O)CC(C)C
7401,Butyl butyrate,CCCCOC(=O)CCC
7402,Valeric acid,CCC(C)C(=O)C(=O)O
7403,Propyl acetate,CC(=O)OC(C)C
7404,Pentane,OCC(O)C(O)C(O)CO
7405,Butylamine,CC(C)CN
7406,1-Butanethiol,CCCCS
7407,Diethylamine,CCNCC
7408,Ethyl Formate,O=COCCc1ccccc1
7409,Pyrrole,Cn1cccc1
7410,Isobutyl Acetate,CC(=O)OCC(C)C
7411,Isopropyl Myristate,CCCCCCCCCCCCCC(=O)OC(C)C
7412,Ethyl Decanoate,CCCCCCCCCC(=O)OCC
7413,2-Heptanone,CCCCCC(C)=O
7414,Isopentyl formate,CC(C)CCOC=O
7415,Hexane,O=C(O)C1CCCCC1
7416,Amylamine,CC(C)CCN
7417,Pentanal,CCCCC=O
7418,Propyl Formate,CCCOC=O
7419,Diethyl Disulfide,CCSSCC
7420,Piperidine,CC1CCCCN1
7421,Methyl octanoate,CCCCCCCC(=O)OC
7422,Octan-2-one,CCCCCCC(C)=O
7423,Heptanoic Acid,CCCCCCC(=O)O
7424,1-Hexanol,CCCCCCO
7425,1-Hexanethiol,CCCCCCS
7426,Propyl sulfide,CCCSCCC
7427,Ethyl Stearate,CCCCCCCCCCCCCCCCCC(=O)OCC
7428,1-Heptanol,CCCCCCCO
7429,Heptanal,CCCCCCC=O
7430,Methyl Dodecanoate,CCCCCCCCCCCC(=O)OC
7431,Nonane,CCCCCCCCC
7432,Nonanoic Acid,CCCCCCCCC(=O)O
7433,Heptyl acetate,CCCCCCCOC(C)=O
7434,2-Undecanone,CCCCCCCCCC(C)=O
7435,Octyl acetate,CCCCCCCCOC(C)=O
7436,Decyl Acetate,CCCCCCCCCCOC(C)=O
7437,Heptyl formate,CCCCCCCOC=O
7438,1-Decanol,CCCCCCCCCCO
7439,Decanal,CCCCCCCCCCCCCCCC=O
7440,Undecanoic Acid,CCCCCCCCCCC(=O)O
7441,Methyl Palmitate,CCCCCCCCCCCCCCCC(=O)OC
7442,Dodecane,CCCCCCCCCCCC
7443,1-Undecanol,CCCCCCCCCCCO
7444,Undecanal,CCCCCCCCCCC=O
7445,10-Undecenal,C=CCCCCCCCCC=O
7446,1-Dodecanol,CCCCCCCCCCCCO
7447,Dodecanal,CCCCCCCCCCCC=O
7448,Methyl Stearate,CCCCCCCCCCCCCCCCCC(=O)OC
7449,Dodecyl Acetate,CCCCCCCCCCCCOC(C)=O
7450,Eicosane,CCCCCCCCCCCCCCCCCCCC
7451,2-Methyl-3-Buten-2-Ol,C=CC(C)(C)O
7452,Linalyl Acetate,C=CC(C)(CCC=C(C)C)OC(C)=O
7453,2-Methylbutanoic acid,CCC(C)C(=O)O
7454,Benzyl Salicylate,O=C(OCc1ccccc1)c1ccccc1O
7455,Ethyl salicylate,COC(=O)c1ccccc1O
7456,Maltol,Cc1occc(=O)c1O
7457,2'-Hydroxyacetophenone,CC(=O)c1ccccc1O
7458,Isoquinoline,c1ccc2cnccc2c1
7459,"3,4-Dimethoxybenzaldehyde",COc1ccc(C=O)cc1OC
7460,1-Phenylethyl propionate,CCC(=O)OC(C)c1ccccc1
7461,Piperonal,O=Cc1ccc2c(c1)OCO2
7462,Cyclopentanone,O=C1CCCC1
7463,Vanillic acid,COc1cc(C(=O)O)ccc1O
7464,Methyl 4-Methoxybenzoate,COC(=O)c1ccc(OC)cc1
7465,4'-Methylacetophenone,CC(=O)c1ccc(C)cc1
7466,Methyl Anthranilate,COC(=O)c1ccccc1N
7467,Syringaldehyde,COc1cc(C=O)cc(OC)c1O
7468,2-Methoxybenzaldehyde,COc1ccccc1C=O
7469,Butyl Benzoate,CCCCOC(=O)c1ccccc1
7470,2-Methylbenzenethiol,Cc1ccccc1S
7471,2-Methyl-1-Butanol,CCC(C)CO
7472,Butyl Lactate,CCCCOC(=O)C(C)O
7473,Beta-Terpineol,C=C(C)C1CCC(C)(O)CC1
7474,"3,4-Dihydroxybenzaldehyde",O=Cc1ccc(O)c(O)c1
7475,Benzyl Acetate,COc1ccc(COC(C)=O)cc1
7476,Phenylethyl isovalerate,CC(C)CC(=O)OCCc1ccccc1
7477,Estragole,C=CCc1ccc(OC)cc1
7478,Ethyl Acrylate,C=CC(=O)OCC
7479,Citronellyl propionate,CCC(=O)OCCC(C)CCC=C(C)C
7480,Citronellyl butyrate,CCCC(=O)OCCC(C)CCC=C(C)C
7481,Citronellol,CC(C)=CCCC(C)CCO
7482,Ethyl Acetate,COC(C)=O
7483,Mesityl Oxide,CC(=O)C=C(C)C
7484,Hydroxycitronellal dimethyl acetal,COC(CC(C)CCCC(C)(C)O)OC
7485,ethyl acetoacetate,COC(=O)CC(C)=O
7486,Hexanoic Acid,CCCCCC(=O)O
7487,Heptane,CCCCCCC
7488,Isopropyl Palmitate,CCCCCCCCCCCCCCCC(=O)OC(C)C
7489,Hexyl acetate,CCCCCCOC(C)=O
7490,1-Nonanol,CCCCCCCCCO
7491,Nonyl Acetate,CCCCCCCCCOC(C)=O
7492,4-Methoxyphenol,COc1ccc(O)c(C(C)(C)C)c1
7493,"1,4-Dimethoxybenzene",COc1ccc(OC)cc1
7494,Citronellyl acetate,CC(=O)OCCC(C)CCC=C(C)C
7495,"1,3-Dimethoxybenzene",COc1cccc(OC)c1
7496,Cianidanol,Oc1cc(O)c2c(c1)OC(c1ccc(O)c(O)c1)C(O)C2
7497,Thiazole,Cc1ncsc1CCO
7498,Pyrazine,Cc1cncc(C)n1
7499,Piperonyl Acetate,CC(=O)OCc1ccc2c(c1)OCO2
7500,3-Acetylpyridine,CC(=O)c1cccnc1
7501,Diethyl sulfide,CCSCC
7502,6-Methyl-5-Hepten-2-One,CC(=O)CCC=C(C)C
7503,beta-Cyclocitral,CC1=C(C=O)C(C)(C)CCC1
7504,"1,4-Cineole",CC(C)C12CCC(C)(CC1)O2
7505,483-77-2,Cc1ccc2c(c1)C(C(C)C)CCC2C
7506,Dillapiole,C=CCc1cc2c(c(OC)c1OC)OCO2
7507,Elemicin,C=CCc1cc(OC)c(OC)c(OC)c1
7508,Thymoquinone,CC1=CC(=O)C(C(C)C)=CC1=O
7509,Piperitol,CC1=CC(O)C(C(C)C)CC1
7510,2(5H)-Furanone,O=C1C=CCO1
7511,Carvomenthone,CC1CCC(C(C)C)CC1=O
7512,Carvacrol,Cc1ccc(C(C)C)cc1O
7513,2-(4-Hydroxyphenyl)ethanol,OCCc1ccc(O)cc1
7514,Citronellic acid,CC(C)=CCCC(C)CC(=O)O
7515,(E)-.beta.-Farnesene,C=CC(=C)CCC=C(C)CCC=C(C)C
7516,"6,10,14-Trimethylpentadecan-2-one",CC(=O)CCCC(C)CCCC(C)CCCC(C)C
7517,Isovaleric Acid,CC(C)CC(=O)O
7518,3-methylthiopropanol,CSCCCO
7519,"1,3-Dithiane",C1CSCSC1
7520,"1,4-Dithiane",C1CSCCS1
7521,"Bicyclo[2.2.1]heptane, 2-methyl-3-methylene-2-(4-methyl-3-pentenyl)-, (1S-exo)-",C=C1C2CCC(C2)C1(C)CCC=C(C)C
7522,Isobutyl mercaptan,CC(C)CS
7523,Myrtenol,CC1(C)C2CC=C(CO)C1C2
7524,Bisabolol,CC(C)=CCCC(C)(O)C1CC=C(C)CC1
7525,Apiole,C=CCc1cc2c(c(OC)c1OC)OCO2
7526,Flavone,O=c1cc(-c2ccccc2)oc2ccccc12
7527,2-Isopropyltoluene,Cc1ccccc1C(C)C
7528,2-Methylbenzaldehyde,Cc1ccccc1C=O
7529,7-Methoxycoumarin,COc1ccc2ccc(=O)oc2c1
7530,"1,1-Dimethoxyethane",COC(C)OC
7531,2-Methylfuran,Cc1ccco1
7532,M-Cymene,Cc1cccc(C(C)C)c1
7533,1-(4-Methylphenyl)ethanol,Cc1ccc(C(C)O)cc1
7534,Perilla alcohol,C=C(C)C1CC=C(CO)CC1
7535,3-Ethylpyridine,CCc1cccnc1
7536,(Ethoxymethyl)benzene,CCOCc1ccccc1
7537,Ethyl pentanoate,CCCCC(=O)OCC
7538,Ethyl Levulinate,CCOC(=O)CCC(C)=O
7539,Isobutyl butyrate,CCCC(=O)OCC(C)C
7540,Pentyl Hexanoate,CCCCCOC(=O)CCCCC
7541,Pentyl Butyrate,CCCCCOC(=O)CCC
7542,Isobutyl propionate,CCC(=O)OCC(C)C
7543,"1,2-Ethanedithiol",SCCS
7544,Isoamyl mercaptan,CC(C)CCS
7545,"3,3-Dimethylacrylic acid",CC(C)=CC(=O)O
7546,"2,4-Dimethylthiazole",Cc1csc(C)n1
7547,"1,3-Dichlorobenzene",Clc1cccc(Cl)c1
7548,Isobutyl Formate,CC(C)COC=O
7549,Ethyl isothiocyanate,CCN=C=S
7550,Myrcenol,C=CC(=C)CCCC(C)(C)O
7551,2-Heptanol,CCCCCC(C)O
7552,Dibutyl sulfide,CCCCSCCCC
7553,Tetradecanoic acid,CCCCCCCCCCCCCC(=O)O
7554,Hexadecane,CCCCCCCCCCCCCCCC
7555,3-Thujanone,CC1C(=O)CC2(C(C)C)CC12
7556,Methyl Isobutyrate,COC(=O)C(C)C
7557,Methyl Propionate,CCC(=O)OC
7558,2-Methylthiophene,Cc1cccs1
7559,Linamarin,CC(C)(C#N)OC1OC(CO)C(O)C(O)C1O
7560,Beta-Phellandrene,C=C1C=CC(C(C)C)CC1
7561,Methyl isovalerate,COC(=O)CC(C)C
7562,Methyl Isothiocyanate,CN=C=S
7563,Methyl Thiocyanate,CSC#N
7564,3-Methyl-2-Buten-1-Ol,CC(C)=CCO
7565,Propyl Isovalerate,CCCOC(=O)CC(C)C
7566,Terpinen-4-ol,CC1=CCC(O)(C(C)C)CC1
7567,3-Methyl-2-Butanone,CC(=O)C(C)C
7568,2-Methyl-3-Pentanone,CCC(=O)C(C)C
7569,"2,6-Dimethylphenol",Cc1cccc(C)c1O
7570,"1-Phenyl-1,2-Propanedione",CC(=O)C(=O)c1ccccc1
7571,"Octane-2,3-dione",CCCCCC(=O)C(C)=O
7572,Terpinolene,CC1=CCC(=C(C)C)CC1
7573,gamma-Terpineol,CC(C)=C1CCC(C)(O)CC1
7574,1-Terpineol,CC(C)C1=CCC(C)(O)CC1
7575,3-Methyl-1-Pentanol,CCC(C)CCO
7576,3-Hexanone,CCCC(=O)CC
7577,Isobutyl Isovalerate,CC(C)COC(=O)CC(C)C
7578,3-Heptanol,CCCCC(O)CC
7579,"cis-1,4-Dimethylcyclohexane",CC1CCC(C)CC1
7580,3-Octanol,CCCCCC(O)CC
7581,Butyl propionate,CCC(=O)OCC(C)C
7582,2-Methyl-2-Pentanol,CCCC(C)(C)O
7583,3-Methylbutanal,CC(C)CC=O
7584,alpha-Angelica lactone,CC1=CCC(=O)O1
7585,3-Methylcyclohexanone,CC1CCCC(=O)C1
7586,3-Methoxybenzaldehyde,COc1cccc(C=O)c1
7587,Levulinic Acid,CC(=O)CCC(=O)O
7588,2-Hexanone,CCCCC(C)=O
7589,Acetoxyacetone,CC(=O)COC(C)=O
7590,Butyl isothiocyanate,CCCCN=C=S
7591,Butyl Formate,CC(C)COC=O
7592,Diallyl Sulfide,C=CCSCC=C
7593,2-Tridecanone,CCCCCCCCCCCC(C)=O
7594,Octadecane,CCCCCCCCCCCCCCCCCC
7595,3-Methyl-2-Butanol,CC(C)C(C)O
7596,"2,3-Pentanedione",CCC(=O)C(C)=O
7597,Methyl 2-furoate,COC(=O)c1ccco1
7598,1-Penten-3-Ol,C=CC(O)CC
7599,Ethyl Pyruvate,CCOC(=O)C(C)=O
7600,Isopropyl Isobutyrate,CC(C)OC(=O)C(C)C
7601,Dihydrocarveol,C=C(C)C1CCC(C)C(O)C1
7602,5-Methylfurfural,Cc1ccc(C=O)o1
7603,3-Methylbenzaldehyde,Cc1cccc(C=O)c1
7604,Cyclohexyl Acetate,CC(=O)OC1CCCCC1
7605,Furfuryl acetate,CC(=O)OCc1ccco1
7606,3-Hexanol,CCCC(O)CC
7607,Methyl butyrate,CCCC(=O)OC
7608,Methyl Valerate,CCCCC(=O)OC
7609,2-Methylbutyl Acetate,CCC(C)COC(C)=O
7610,Ethyl methyl sulfide,CCSC
7611,Dimethyl disulfide,CSSC
7612,Isopropyl Formate,CC(C)OC=O
7613,"2,5-Dimethylfuran",Cc1ccc(C)o1
7614,2-Pentyl Acetate,CCCC(C)OC(C)=O
7615,Propyl Hexanoate,CCCCCC(=O)OCCC
7616,Butyl hexanoate,CCCCCC(=O)OCC(C)C
7617,2-Hexanol,CCCCC(C)O
7618,Ethyl Undecanoate,CCCCCCCCCCC(=O)OCC
7619,5-Methylhexanoic Acid,CC(C)CCCC(=O)O
7620,Amyl acetate,CCCCCOC(C)=O
7621,Ethyl Palmitate,CCCCCCCCCCCCCCCC(=O)OC
7622,2-Nonanol,CCCCCCCC(C)O
7623,Dipropyl disulfide,CCCSSCCC
7624,Tridecane,CCCCCCCCCCCCC
7625,Tetradecane,CCCCCCCCCCCCCC
7626,Pentadecane,CCCCCCCCCCCCCCC
7627,1-Hexadecene,C=CCCCCCCCCCCCCCC
7628,Heptadecane,CCCCCCCCCCCCCCCCC
7629,Nonadecane,CCCCCCCCCCCCCCCCCCC
7630,Heneicosane,CCCCCCCCCCCCCCCCCCCCC
7631,Docosane,CCCCCCCCCCCCCCCCCCCCCC
7632,Isopropyl Propionate,CCC(=O)OC(C)C
7633,"2,5-Dimethylthiophene",Cc1ccc(C)s1
7634,Pentyl formate,CC(C)CCOC=O
7635,Tricosane,CCCCCCCCCCCCCCCCCCCCCCC
7636,2-Propylphenol,CCCc1ccccc1O
7637,Propyl Isobutyrate,CC(C)C(=O)OCCCc1ccccc1
7638,4-Propylphenol,CCCc1ccc(O)cc1
7639,3-Phenylpropanenitrile,N#CCCc1ccccc1
7640,4-Methylpentanoic Acid,CC(C)CCC(=O)O
7641,Isoamyl Isovalerate,CC(C)CCOC(=O)CC(C)C
7642,2-Decanone,CCCCCCCCC(C)=O
7643,4-Methylthiazole,Cc1cscn1
7644,gamma-Caprolactone,CCC1CCC(=O)O1
7645,delta-Octanolactone,CCCC1CCCC(=O)O1
7646,Benzyl methyl disulfide,CSSCc1ccccc1
7647,Delta-Decalactone,CCCCCC1CCCC(=O)O1
7648,gamma-Decalactone,CCCCCCC1CCC(=O)O1
7649,Delta-Dodecalactone,CCCCCCCC1CCCC(=O)O1
7650,Benzyl methyl sulfide,CSCc1ccccc1
7651,calcium lactate,CC(O)C(=O)[O-].CC(O)C(=O)[O-].[Ca+2]
7652,2-Nonanone,CCCCCCCC(C)=O
7653,delta-Hexalactone,CC1CCCC(=O)O1
7654,Methyl 2-methylbutyrate,CCC(C)C(=O)OC
7655,Allyl Mercaptan,C=CCS
7656,6-Undecanone,CCCCCC(=O)CCCCC
7657,6-Methylheptan-2-one,CC(=O)CCCC(C)C
7658,3-Decanone,CCCCCCCC(=O)CC
7659,3-Ethyl-o-xylene,CCc1cccc(C)c1C
7660,Isopropyl Benzoate,CC(C)OC(=O)c1ccccc1
7661,1H-Pyrrole-2-carbaldehyde,O=Cc1ccc[nH]1
7662,2-Acetylpyrrole,CC(=O)c1ccc[nH]1
7663,1-Methyl-3-Propylbenzene,CCCc1cccc(C)c1
7664,Thymol methyl ether,COc1cc(C)ccc1C(C)C
7665,Hexyl octanoate,CCCCCCCC(=O)OCCCCCC
7666,Myrcenyl acetate,C=CC(=C)CCCC(C)(C)OC(C)=O
7667,Undecane,CCCCCCCCCCC
7668,2-Acetylpyridine,CC(=O)c1ccccn1
7669,"2,3,5,6-Tetramethylpyrazine",Cc1nc(C)c(C)nc1C
7670,"3',4'-Dimethoxyacetophenone",COc1ccc(C(C)=O)cc1OC
7671,2-Methylheptanoic Acid,CCCCCC(C)C(=O)O
7672,2-Acetylfuran,CC(=O)c1ccco1
7673,3-Methyl-2-Cyclohexen-1-One,CC1=CC(=O)CCC1
7674,2-Acetyl-5-Methylfuran,CC(=O)c1ccc(C)o1
7675,Fenchone,CC12CCC(C1)C(C)(C)C2=O
7676,2-(4-methylphenyl)propan-2-ol,Cc1ccc(C(C)(C)O)cc1
7677,Calcium Oxide,O=[Ca]
7678,Beta-Pinene,C=C1CCC2CC1C2(C)C
7679,1-Furfurylpyrrole,c1coc(Cn2cccc2)c1
7680,"7-methyl-4-methylidene-1-propan-2-yl-2,3,4a,5,6,8a-hexahydro-1H-naphthalene",C=C1CCC(C(C)C)C2C=C(C)CCC12
7681,Bis(methylthio)methane,CSCSC
7682,Ethyl Vinyl Ketone,C=CC(=O)CC
7683,Fenchol,CC12CCC(C1)C(C)(C)C2O
7684,2-Undecanol,CCCCCCCCCC(C)O
7685,Ethylcyclohexane,CC1CCCCC1
7686,Decane,CCCCCCCCCCCC
7687,Methyl Nonanoate,CCCCCCCCC(=O)OC
7688,4-Methyl-5-Vinylthiazole,C=Cc1scnc1C
7689,Ethyl 3-phenylpropionate,COC(=O)CCc1ccccc1
7690,Isopentyl octanoate,CCCCCCCC(=O)OCCC(C)C
7691,Diallyl trisulfide,C=CCSSSCC=C
7692,Perillaldehyde,C=C(C)C1CC=C(C=O)CC1
7693,Terpinyl formate,CC1=CCC(C(C)(C)OC=O)CC1
7694,Diallyl Disulfide,C=CCSSCC=C
7695,Allyl Propyl Disulfide,C=CCSSCCC
7696,Methyl propyl disulfide,CCCSSC
7697,Isopentyl hexanoate,CCCCCC(=O)OCCC(C)C
7698,l-Menthol,CC1CCC(C(C)C)C(O)C1
7699,d-Carvone,C=C(C)C1CC=C(C)C(=O)C1
7700,Phenethyl isothiocyanate,S=C=NCCc1ccccc1
7701,2-Pentylpyridine,CCCCCc1ccccn1
7702,gamma-Dodecalactone,CCCCCCCCC1CCC(=O)O1
7703,Isopropyl Hexanoate,CCCCCC(=O)OC(C)C
7704,Propyl Benzoate,CC(C)OC(=O)c1ccccc1
7705,Hexyl isobutyrate,CCCCCCOC(=O)C(C)C
7706,5-Ethyl-2(5H)-furanone,CCC1C=CC(=O)O1
7707,"2,2,6-Trimethylcyclohexanone",CC1CCCC(C)(C)C1=O
7708,Methyl 4-methylvalerate,COC(=O)CCC(C)C
7709,"2,3,6-Trimethylphenol",Cc1ccc(C)c(O)c1C
7710,"9-Octadecenal, (9E)-",CCCCCCCCC=CCCCCCCCC=O
7711,alpha-TERPINEOL,CC1=CCC(C(C)(C)O)CC1
7712,1-Octen-3-yl acetate,C=CC(CCCCC)OC(C)=O
7713,2-METHYLBUTYL 2-METHYLBUTYRATE,CCC(C)COC(=O)C(C)CC
7714,Hexyl Butyrate,CCCCCCOC(=O)CCC
7715,3-Methyl-2-Cyclopenten-1-One,CC1=CC(=O)CC1
8530,Phytol,C=CC(C)(O)CCCC(C)CCCC(C)CCCC(C)C
8543,Methyl jasmonate,CCC=CCC1C(=O)CCC1CC(=O)OC
8666,Gallic acid,O=C(O)c1cc(O)c(O)c(O)c1
8673,Myristicin,C=CCc1cc(OC)c2c(c1)OCO2
8676,2-Propanethiol,CC(C)S
8677,Carvone,C=C(C)C1CC=C(C)C(=O)C1
8681,Apiole,C=CCc1cc2c(c(OC)c1OC)OCO2
8689,alpha-Terpineol,CC1=CCC(C(C)(C)O)CC1
8690,Verbenol,CC1=CC(O)C2CC1C2(C)C
8692,Erucin,CSCCCCN=C=S
8723,Quercetin,O=c1c(O)c(-c2ccc(O)c(O)c2)oc2cc(O)cc(O)c12
8724,Apigenin,O=c1cc(-c2ccc(O)cc2)oc2cc(O)cc(O)c12
8726,Genistein,O=c1c(-c2ccc(O)cc2)coc2cc(O)cc(O)c12
8729,Tricetin,O=c1cc(-c2cc(O)c(O)c(O)c2)oc2cc(O)cc(O)c12
8731,Tetramethylquercetin,COc1cc(O)c2c(=O)c(OC)c(-c3ccc(OC)c(OC)c3OC3OC(CO)C(O)C(O)C3O)oc2c1
8740,beta-Elemene,C=CC1(C)CCC(C(=C)C)CC1C(=C)C
7716,Pentadecanal,CCCCCCCCCCCCCCC=O
7717,2-Methoxy-4-Propylphenol,CCCc1ccc(O)c(OC)c1
7718,3-Thujene,CC1=CCC2(C(C)C)CC12
7719,2-Methoxypyrazine,COc1cnccn1
7720,2-Methyltetrahydrofuran-3-One,CC1OCCC1=O
7721,2-Ethylfuran,CCc1ccco1
7722,3-(Methylthio)propionaldehyde,CSCCC=O
7723,Ethyl cyclohexanecarboxylate,CCOC(=O)C1CCCCC1
7724,Delta-Nonalactone,CCCCC1CCCC(=O)O1
7725,Sabinene,C=C1CCC2(C(C)C)CC12
7726,1-Octen-3-Ol,C=CC(O)CCCCC
7727,"3,5,5-Trimethylhexan-1-ol",CC(CCO)CC(C)(C)C
7728,Phenoxyacetic Acid,O=C(O)COc1ccccc1
7729,3658-77-3,CC1=C(O)C(=O)C(C)O1
7730,Dimethyl trisulfide,CSSSC
7731,2-Pentylfuran,CCCCCc1ccco1
7732,2-Heptylfuran,CCCCCCCc1ccco1
7733,"1,1-Diethoxy-3-Methylbutane",CCOC(CC(C)C)OCC
7734,"2,3-Hexanedione",CCCC(=O)C(C)=O
7735,Methyl propyl sulfide,CCCSC
7736,Octan-2-ol,CCCCCCC(C)O
7737,Difurfuryl Disulfide,c1coc(CSSCc2ccco2)c1
7738,2-Butylfuran,CCCCc1ccco1
7739,2-Methylhexanoic Acid,CCCCC(C)C(=O)O
7740,6-Methylhept-5-en-2-ol,CC(C)=CCCC(C)O
7741,Methyl cyclohexanecarboxylate,COC(=O)C1CCCCC1
7742,4674-50-4,C=C(C)C1CCC2=CC(=O)CC(C)C2(C)C1
7743,Disodium 5'-inosinate,O=c1nc[nH]c2c1ncn2C1OC(COP(=O)([O-])[O-])C(O)C1O.[Na+].[Na+]
7744,4-Ethylbenzaldehyde,CCc1ccc(C=O)cc1
7745,1-Hexen-3-Ol,C=CC(O)CCC
7746,2-Pentylthiophene,CCCCCc1cccs1
7747,1-Hepten-3-Ol,C=CC(O)CCCC
7748,8-Nonen-2-one,C=CCCCCCC(C)=O
7749,Butyl Heptanoate,CCCCCCC(=O)OCCCC
7750,4-(4-Hydroxyphenyl)-2-butanone,CC(=O)CCc1ccc(O)cc1
7751,5550-12-9,Nc1nc(=O)c2ncn(C3OC(COP(=O)([O-])[O-])C(O)C3O)c2[nH]1.[Na+].[Na+]
7752,"2-Methyl-1,3-dithiolane",CC1SCCS1
7753,"2,3-Dimethylpyrazine",Cc1nccnc1C
7754,d-Dihydrocarvone,C=C(C)C1CCC(C)C(=O)C1
7755,Epoxylinalool,C=CC1(C)CCC(C(C)(C)O)O1
7756,Dipentene,C=C(C)C1CC=C(C)CC1
7757,Dipropyl trisulfide,CCCSSSCCC
7758,2-Pentanol,CCCC(C)(C)O
7759,2-Dodecanone,CCCCCCCCCCC(C)=O
7760,Hexyl Hexanoate,CCCCCCOC(=O)CCCCC
7761,Hexyl benzoate,CCCCCCOC(=O)c1ccccc1
7762,2-Methoxybenzenethiol,COc1ccccc1S
7763,Ethyl 2-methylbutyrate,CCC(C)C(=O)OC
7764,Acetyl isobutyryl,CC(=O)C(=O)C(C)C
7765,Diethyl Malate,CCOC(=O)CC(O)C(=O)OCC
7766,Silica,O=[Si]=O
7767,Butyl Anthranilate,CCCCOC(=O)c1ccccc1N
7768,Potassium Nitrate,O=[N+]([O-])[O-].[K+]
7769,Dihydrocarvone,C=C(C)C1CCC(C)C(=O)C1
7770,Calcium Iodate,[Ca+2].[O-][I+2]([O-])[O-].[O-][I+2]([O-])[O-]
7771,4-Ethoxybenzaldehyde,CCOc1ccc(C=O)cc1
7772,Hexyl 2-methylbutanoate,CCCCCCOC(=O)C(C)CC
7773,L-Rhamnose,CC1OC(O)C(O)C(O)C1O
7774,Tridecanal,CCCCCCCCCCCCC=O
7775,2-Methyl-3-Heptanone,CCCCC(=O)C(C)C
7776,2-Ethyl-5-Methylpyrazine,CCc1cnc(C)cn1
7777,"3-Ethyl-2,5-dimethylpyrazine",CCc1nc(C)cnc1C
7778,3-Carene,CC1=CCC2C(C1)C2(C)C
7779,"2,2,4,6,6-Pentamethylheptane",CC(CC(C)(C)C)CC(C)(C)C
7780,"5-Methylhexane-2,3-dione",CC(=O)C(=O)CC(C)C
7781,2-Ethylpyrazine,CCc1cnccn1
7782,2-Ethyl-6-Methylpyrazine,CCc1cncc(C)n1
7783,2-Isobutyl-3-Methylpyrazine,Cc1nccnc1CC(C)C
7784,"2-Ethyl-3,5-Dimethylpyrazine",CCc1ncc(C)nc1C
7785,2-Methyl-5-Vinylpyrazine,C=Cc1cnc(C)cn1
7786,Menthone,CC1CCC(C(C)C)CC1=O
7787,"2,3,5-Trimethylpyrazine",Cc1cnc(C)c(C)n1
7788,beta-Bisabolol,CC(C)=CCCC(C)C1(O)CC=C(C)CC1
7789,"4,4,7a-Trimethyl-5,6,7,7a-tetrahydrobenzofuran-2(4H)-one",CC1(C)CCCC2(C)OC(=O)C=C12
7790,2-Ethyl-4-Methylthiazole,CCc1nc(C)cs1
7791,2-Ethyl-3-Methylpyrazine,CCc1nccnc1C
7792,"2,3-Diethylpyrazine",CCc1nccnc1CC
7793,"5-Ethyl-2,3-dimethylpyrazine",CCc1cnc(C)c(C)n1
7794,Rose oxide,CC(C)=CC1CC(C)CCO1
7795,Menthyl acetate,CC(=O)OC1CC(C)CCC1C(C)C
7796,"2,3-Diethyl-5-Methylpyrazine",CCc1ncc(C)nc1CC
7797,"3,5-Diethyl-2-Methylpyrazine",CCc1cnc(C)c(CC)n1
7798,alpha-Fenchene,C=C1CC2CCC1C2(C)C
7799,"2,4,5-Trimethyloxazole",Cc1nc(C)c(C)o1
7800,Dihydrocarvyl acetate,C=C(C)C1CCC(C)C(OC(C)=O)C1
7801,Acetylpyrazine,CC(=O)c1cnccn1
7802,122-40-7,CCCCCC(C=O)=Cc1ccccc1
7803,Vanillylacetone,COc1cc(CCC(C)=O)ccc1O
7804,Benzyl Propionate,CCC(=O)OCc1ccccc1
7805,2-Phenylethyl propionate,CCC(=O)OCCc1ccccc1
7806,3-Phenylpropyl acetate,CC(=O)OCCCc1ccccc1
7807,4-Methoxyphenylacetone,COc1ccc(CC(C)=O)cc1
7808,3-Phenylpropan-1-ol,OCCCc1ccccc1
7809,4-Ethylphenol,CCc1ccc(O)cc1
7810,4-Methoxybenzaldehyde,COc1ccc(C=O)cc1
7811,2-Methylpentanal,CCCC(C)C=O
7812,4-Heptanone,CC(C)CC(=O)CC(C)C
7813,Diethyl Succinate,CCOC(=O)CCC(=O)OCC
7814,Ethyl Nonanoate,CCCCCCCCC(=O)OC
7815,"2,5-Dimethylpyrazine",CCc1nc(C)cnc1C
7816,Myrcene,C=CC(=C)CCC=C(C)C
7817,3-Methyl-1-butanol,CC(C)CCO
7818,Ethyl caproate,CCCCCC(=O)OCC
7819,Allyl hexanoate,C=CCOC(=O)CCCCC
7820,Pyrrolidine,C1CCNC1
7821,Butyl acetate,CC(=O)OCC(C)C
7822,Isoamyl Acetate,CC(=O)OCCC(C)C
7823,Butyl Stearate,CCCCCCCCCCCCCCCCCC(=O)OCCCC
7824,Ethyl tetradecanoate,CCCCCCCCCCCCCC(=O)OCC
7825,Methyl tetradecanoate,CCCCCCCCCCCCCC(=O)OC
7826,Nonanal,CCCCCCCCC=O
7827,Tetradecanal,CCCCCCCCCCCCCC=O
7828,Linalyl benzoate,C=CC(C)(CCC=C(C)C)OC(=O)c1ccccc1
7829,"2,6-Di-tert-butyl-4-methylphenol",Cc1cc(C(C)(C)C)c(O)c(C(C)(C)C)c1
7830,Nopol,CC1(C)C2CC=C(CCO)C1C2
7831,"2,4,5-Trimethyl-3-Oxazoline",CC1=NC(C)OC1C
7832,"3,5-Dimethyl-1,2,4-Trithiolane",CC1SSC(C)S1
7833,23747-48-0,CC1CCc2nccnc21
7834,2-Acetyl-3-Methylpyrazine,CC(=O)c1nccnc1C
7835,2-Isobutyl-3-Methoxypyrazine,COc1nccnc1CC(C)C
7836,L-glutamic acid,NC(CCC(=O)O)C(=O)O
7837,2-Ethyl-3-Methoxypyrazine,CCc1nccnc1OC
7838,2-Isopropyl-3-Methoxypyrazine,COc1nccnc1C(C)C
7839,2-Ethyl-4-hydroxy-5-methyl-3(2H)-furanone,CCC1OC(C)=C(O)C1=O
7840,Diisooctyl phthalate,CC(C)CCCCCOC(=O)c1ccccc1C(=O)OCCCCCC(C)C
7841,6-Pentyl-2H-pyran-2-one,CCCCCc1cccc(=O)o1
7842,"2,6-Nonadien-1-ol",CCC=CCCC=CCO
7843,2-Methyl-3-furanthiol,Cc1occc1S
7844,Isopulegone,C=C(C)C1CCC(C)CC1=O
7845,Ethyl Propyl Disulfide,CCCSSC
7846,Dihydro-alpha-ionone,CC(=O)CCC1C(C)=CCCC1(C)C
7847,"2,5-Diethyl-3-Methylpyrazine",CCc1cnc(CC)c(C)n1
7848,"5,6,7,8-Tetrahydroquinoxaline",c1cnc2c(n1)CCCC2
7849,"3,6-Nonadien-1-ol",CCC=CCC=CCCO
7850,2-Pentyl butyrate,CCCC(=O)OC(C)CCC
7851,Bornyl Isovalerate,CC(C)CC(=O)OC1CC2CCC1(C)C2(C)C
7852,Ethyl 4-methoxybenzoate,COC(=O)c1ccc(OC)cc1
7853,"2,3-Heptanedione",CCCCC(=O)C(C)=O
7854,"(2,2-Dimethoxyethyl)benzene",COC(Cc1ccccc1)OC
7855,Isobutyl phenylacetate,CC(C)COC(=O)Cc1ccccc1
7856,4-(4-Methoxyphenyl)-2-butanone,COc1ccc(CCC(C)=O)cc1
7857,Butyl laurate,CCCCCCCCCCCC(=O)OCCCC
7858,"2,6-Dimethyl-5-heptenal",CC(C)=CCCC(C)C=O
7859,3-Methyl-2-butenal,CC(C)=CC=O
7860,Octyl isobutyrate,CCCCCCCCOC(=O)C(C)C
7861,Octyl butyrate,CCCCCCCCOC(=O)CCC
7862,2-Methylundecanal,CCCCCCCCCC(C)C=O
7863,Linalyl formate,C=CC(C)(CCC=C(C)C)OC=O
7864,Safranal,CC1=C(C=O)C(C)(C)CC=C1
7865,Isobutyl benzoate,CC(C)COC(=O)c1ccccc1
7866,3-Phenylpropyl propionate,CCC(=O)OCCCc1ccccc1
7867,4-Methoxybenzyl formate,COc1ccc(COC=O)cc1
7868,Octyl propionate,CCCCCCCCOC(=O)CC
7869,Linalyl propionate,C=CC(C)(CCC=C(C)C)OC(=O)CC
7870,"2,6,6-Trimethyl-1-cyclohexene-1-acetaldehyde",CC1=C(CC=O)C(C)(C)CCC1
7871,beta-Caryophyllene alcohol,CC12CCCC(O)(C1)C1CC(C)(C)C1CC2
7872,Verbenol,CC1=CC(O)C2CC1C2(C)C
7873,Myrtenal,CC1(C)C2CC=C(C=O)C1C2
7874,Benzyl butyl ether,CCCCOCc1ccccc1
7875,2-methylpropyl but-2-enoate,CC=CC(=O)OCC(C)C
7876,Butyl pentanoate,CCCCOC(=O)CCCC
7877,Methyl 2-methoxybenzoate,COC(=O)c1ccccc1OC
7878,2-Methoxystyrene,C=Cc1ccccc1OC
7879,2-Methoxyphenyl acetate,COc1ccccc1OC(C)=O
7880,Furfuryl propionate,CCC(=O)OCc1ccco1
7881,S-Ethyl ethanethioate,CCSC(C)=O
7882,Hexyl formate,O=COC1CCCCC1
7883,Isopropyl butyrate,CCCC(=O)OC(C)C
7884,Amyl octanoate,CCCCCCCC(=O)OCCCCC
7885,698-10-2,CCC1OC(=O)C(O)=C1C
7886,1-Phenyl-2-pentanol,CCCC(O)Cc1ccccc1
7887,delta-Undecalactone,CCCCCCC1CCCC(=O)O1
7888,Farnesylacetone,CC(=O)CCC=C(C)CCC=C(C)CCC=C(C)C
7889,"3-Methylcyclopentane-1,2-dione",CC1CCC(=O)C1=O
7890,3-Nonanone,CCCCCCC(=O)CC
7891,2-Acetyl-1-methylpyrrole,CC(=O)c1cccn1C
7892,Tetrahydrothiophen-3-one,O=C1CCSC1
7893,2-Propionylpyrrole,CCC(=O)c1ccc[nH]1
7894,2-(Methylthio)phenol,CSc1ccccc1O
7895,Myrtenyl acetate,CC(=O)OCC1=CCC2CC1C2(C)C
7896,Nerol oxide,CC(C)=CC1CC(C)=CCO1
7897,Methyl citronellate,COC(=O)CC(C)CCC=C(C)C
7898,Ethyl 3-hydroxyhexanoate,CCCC(O)CC(=O)OCC
7899,S-Propyl thioacetate,CCCSC(C)=O
7900,2-Pentadecanone,CCCCCCCCCCCCCC(C)=O
7901,Heptyl 2-methylpropanoate,CCCCCCCOC(=O)C(C)C
7902,4077-47-8,COC1=C(C)OC(C)C1=O
7903,4166-20-5,CC(=O)OC1=C(C)OC(C)C1=O
7904,1-Octen-3-One,C=CC(=O)CCCCC
7905,Butylphthalide,CCCCC1OC(=O)c2ccccc21
7906,d-Piperitone,CC1=CC(=O)C(C(C)C)CC1
7907,2-Phenylethyl hexanoate,CCCCCC(=O)OCCc1ccccc1
7908,Isoamyl laurate,CCCCCCCCCCCC(=O)OCCC(C)C
7909,"3,4-Dimethoxystyrene",C=Cc1ccc(OC)c(OC)c1
7910,Ethyl 3-(2-furyl)propionate,CCOC(=O)CCc1ccco1
7911,Hexyl isovalerate,CCCCCCOC(=O)CC(C)C
7912,D-Lactic acid,CC(O)C(=O)O
7913,"3-Acetyl-2,5-dimethylfuran",CC(=O)c1cc(C)oc1C
7914,Celestolide,CC(=O)c1cc(C(C)(C)C)cc2c1CCC2(C)C
7915,4-(Ethoxymethyl)-2-methoxyphenol,CCOCc1ccc(O)c(OC)c1
7916,Ethyl 3-(methylthio)propionate,CCOC(=O)CCSC
7917,"3,4-Dimethyl-1,2-cyclopentanedione",CC1CC(=O)C(=O)C1C
7918,13494-07-0,CC1CC(C)C(=O)C1=O
7919,Methyl 3-(methylthio)propionate,COC(=O)CCSC
7920,"2,4,5-Trimethylthiazole",Cc1nc(C)c(C)s1
7921,1-(Methylthio)-2-butanone,CCC(=O)CSC
7922,2-Methyl-5-(methylthio)furan,CSc1ccc(C)o1
7923,Furfuryl isovalerate,CC(C)CC(=O)OCc1ccco1
7924,Difurfuryl sulfide,c1coc(CSCc2ccco2)c1
7925,S-Furfuryl thioacetate,CC(=O)SCc1ccco1
7926,2-(Methoxymethyl)furan,COCc1ccco1
7927,S-Methyl 2-furancarbothioate,CSC(=O)c1ccco1
7928,13679-70-4,Cc1ccc(C=O)s1
7929,13679-85-1,CC1SCCC1=O
7930,13679-86-2,C=CC1(C)CCC(C(=C)C)O1
7931,5-Methylquinoxaline,Cc1cccc2nccnc12
7932,2-Isopropyl-5-methylpyrazine,Cc1cnc(C(C)C)cn1
7933,4-Ethylsyringol,CCc1cc(OC)c(O)c(OC)c1
7934,3-Isobutylpyridine,CC(C)Cc1cccnc1
7935,9-Decenoic acid,C=CCCCCCCCC(=O)O
7936,Perillyl acetate,C=C(C)C1CC=C(COC(C)=O)CC1
7937,Limonen-10-yl acetate,C=C(COC(C)=O)C1CC=C(C)CC1
7938,2-Isopropyl-4-methylthiazole,Cc1csc(C(C)C)n1
7939,Butyl 2-methylbutyrate,CCC(C)COC(=O)C(C)CC
7940,"2,4-Dimethylbenzaldehyde",Cc1ccc(C=O)c(C)c1
7941,4-Ethyloctanoic acid,CCCCC(CC)CCC(=O)O
7942,Octadienal,CCCC=CC=CC=O
7943,Dec-4-enal,CCCCCC=CCCC=O
7944,2-Acetyl-3-ethylpyrazine,CCc1nccnc1C(C)=O
7945,4-Methylthio-2-butanone,CSCCC(C)=O
7946,Allyl Methyl Trisulfide,C=CCSSSC
7947,Piperitenone oxide,CC(C)=C1CCC2(C)OC2C1=O
7948,Theaspirane,CC1=CCCC(C)(C)C12CCC(C)O2
7949,furan-2-ylmethyl pentanoate,CCCCC(=O)OCc1ccco1
7950,2-Acetyl-1-ethylpyrrole,CCn1cccc1C(C)=O
7951,4-Methylnonanoic acid,CCCCCC(C)CCC(=O)O
7952,"2-Ethyl-4,5-dimethyloxazole",CCc1nc(C)c(C)o1
7953,4-Methyloctanoic acid,CCCCC(C)CCC(=O)O
7954,p-Tolyl isovalerate,Cc1ccc(OC(=O)CC(C)C)cc1
7955,"2,5-Dimethyl-1,4-dithiane-2,5-diol",CC1(O)CSC(C)(O)CS1
7956,56424-87-4,CC(C)C1=CCC(C(=O)O)CC1
7957,2-Methyl-3-tetrahydrofuranthiol,CC1OCCC1S
7958,Furfuryl methyl disulfide,CSSCc1ccco1
7959,Linalyl butyrate,C=CC(C)(CCC=C(C)C)OC(=O)CCC
7960,Terpinyl propionate,CCC(=O)OC(C)(C)C1CC=C(C)CC1
7961,1-Phenylethyl acetate,CC(=O)OC(C)c1ccccc1
7962,p-Menthan-2-ol,CC(C)C1CCC(C)C(O)C1
7963,3-(Methylthio)propyl isothiocyanate,CSCCCN=C=S
7964,Sabinene hydrate,CC(C)C12CCC(C)(O)C1C2
7965,1125-21-9,CC1=CC(=O)CC(C)(C)C1=O
7966,Benzaldehyde dimethyl acetal,COC(OC)c1ccccc1
7967,Dihydrojasmone,CCCCCC1=C(C)CCC1=O
7968,"2,2,4-Trimethyl-1,3-dioxolane",CC1COC(C)(C)O1
7969,1195-32-0,C=C(C)c1ccc(C)cc1
7970,2-Pentanethiol,CCCC(C)S
7971,Pentyl valerate,CCCCCOC(=O)CCCC
7972,Allyl Methyl Disulfide,C=CCSSC
7973,S-Methyl thiobutyrate,CCCC(=O)SC
7974,2-Methylbutyl isovalerate,CCC(C)COC(=O)CC(C)C
7975,4-Vinylphenol,C=Cc1ccc(O)c(OC)c1
7976,4-Ethyl-2-methoxyphenol,CCc1ccc(O)c(OC)c1
7977,3-Hydroxy-2-Pentanone,CCC(O)C(C)=O
7978,"4,5-Dimethylthiazole",Cc1ncsc1C
7979,"3,4-Hexanedione",CCC(=O)C(=O)CC
7980,Ethyl 3-hydroxybutyrate,COC(=O)CC(C)O
7981,Heptyl butyrate,CCCCCCCOC(=O)CCC
7982,tridec-2-enal,CCCCCCCCCCC=CC=O
7983,2-Isobutylthiazole,CC(C)Cc1nccs1
7984,28664-35-9,CC1=C(O)C(=O)OC1C
7985,Isopropenylpyrazine,C=C(C)c1cnccn1
7986,Whiskey lactone,CCCCC1OC(=O)CC1C
7987,Octyl 2-furoate,CCCCCCCCOC(=O)c1ccco1
7988,"2,5-Diethyltetrahydrofuran",CCC1CCC(CC)O1
7989,Borneol,CC1(C)C2CCC1(C)C(O)C2
7990,(-)-Epigallocatechin gallate,O=C(OC1Cc2c(O)cc(O)cc2OC1c1cc(O)c(O)c(O)c1)c1cc(O)c(O)c(O)c1
7991,Gallocatechin,O=C(OC1Cc2c(O)cc(O)cc2OC1c1cc(O)c(O)c(O)c1)c1cc(O)c(O)c(O)c1
7992,Ginkgolide B,CC1C(=O)OC2C(O)C34C5CC(C(C)(C)C)C36C(OC(=O)C6O)OC4(C(=O)O5)C12O
7993,S-Methyl 2-methylbutanethioate,CCC(C)C(=O)SC
7994,"4-Acetyl-1,4-dimethyl-1-cyclohexene",CC(=O)C1(C)CC=C(C)CC1
7995,3-(Methylthio)-1-hexanol,CCCC(CCO)SC
7996,Methyl 4-(methylthio)butyrate,COC(=O)CCCSC
7997,5-Ethyl-2-hydroxy-3-methylcyclopent-2-en-1-one,CCC1CC(C)=C(O)C1=O
7998,6-Hydroxydihydrotheaspirane,CC1CCC2(O1)C(C)(C)CCCC2(C)O
7999,Cedrol,CC1CCC2C(C)(C)C3CC12CCC3(C)O
8000,Verbenone,CC1=CC(=O)C2CC1C2(C)C
8001,Valerophenone,CCCCC(=O)c1ccccc1
8002,Allyl methyl sulfide,C=CCSC
8003,Xanthoxylin,COc1cc(O)c(C(C)=O)c(OC)c1
8004,Octyl benzoate,CCCCCCCCOC(=O)c1ccccc1
8006,"1,2,3,5,6-Pentathiepane",C1SSCSSS1
8007,Tangeretin,COc1ccc(-c2cc(=O)c3c(OC)c(OC)c(OC)c(OC)c3o2)cc1
8008,Chavicol,C=CCc1ccc(O)cc1
8009,Perillen,CC(C)=CCCc1ccoc1
8010,Artemisia ketone,C=CC(C)(C)C(=O)C=C(C)C
8011,Isobutyl isothiocyanate,CC(C)CN=C=S
8012,2-Propylpyridine,CCCc1ccccn1
8013,Pentyl isothiocyanate,CCCCCN=C=S
8014,2-Hydroxy-4-methoxybenzaldehyde,COc1ccc(C=O)c(O)c1
8015,Allyl thiocyanate,C=CCSC#N
8016,5-Hexen-1-ol,C=CCCCCO
8018,(-)-Epicatechin,Oc1cc(O)c2c(c1)OC(c1ccc(O)c(O)c1)C(O)C2
8019,(-)-Epigallocatechin,O=C(OC1Cc2c(O)cc(O)cc2OC1c1cc(O)c(O)c(O)c1)c1cc(O)c(O)c(O)c1
8020,Isoflavone,O=c1c(-c2ccccc2)coc2ccccc12
8021,Nobiletin,COc1ccc(-c2cc(=O)c3c(OC)c(OC)c(OC)c(OC)c3o2)cc1OC
8022,S-Methyl thioacetate,CSC(C)=O
8023,Isopropyl isothiocyanate,CC(C)N=C=S
8025,S-Methyl hexanethioate,CCCCCC(=O)SC
8026,Diallyl tetrasulfide,C=CCSSSSCC=C
8027,3-Butenyl isothiocyanate,C=CCCN=C=S
8028,"2,5-Dimethylthiazole",Cc1cnc(C)s1
8029,2-Vinylpyrazine,C=Cc1cnccn1
8030,Diisopropyl disulfide,CC(C)SSC(C)C
8031,Hexyl isothiocyanate,CCCCCCN=C=S
8032,sec-Butyl isothiocyanate,CCC(C)N=C=S
8033,Heptyl isothiocyanate,CCCCCCCN=C=S
8034,Erucin,CSCCCCN=C=S
8035,Ethyl (methylthio)acetate,CCOC(=O)CSC
8036,3-Methyl-3-butenyl acetate,C=C(C)CCOC(C)=O
8037,2-(Methylthio)ethanol,CSCCO
8038,Diosphenol,CC1=C(O)C(=O)C(C(C)C)CC1
8039,3-Methylbutyl isothiocyanate,CC(C)CCN=C=S
8040,1-Pyrroline,C1=NCCC1
8041,"Tetrasulfide, dimethyl",CSSSSC
8042,"4-Ethyl-1,2-dimethoxybenzene",CCc1ccc(OC)c(OC)c1
8043,Diisopropyl trisulfide,CC(C)SSSC(C)C
8044,Carvacryl methyl ether,COc1cc(C(C)C)ccc1C
8045,"2,4-Dimethylanisole",COc1ccc(C)cc1C
8046,2-Phenylethyl pentanoate,CCCCC(=O)OCCc1ccccc1
8047,7785-70-8,CC1=CCC2CC1C2(C)C
8048,l-alpha-Fenchone,CC12CCC(C1)C(C)(C)C2=O
8049,Methyl 2-(dimethylamino)benzoate,COC(=O)c1ccccc1N(C)C
8050,13002-09-0,CC(C)CCOC(C)OCCC(C)C
8051,Methyl phenyl disulfide,CSSc1ccccc1
8052,Isopinocamphone,CC1C(=O)CC2CC1C2(C)C
8053,rosefuran,CC(C)=CCc1occc1C
8054,2-Ethylthiazole,CCc1nccs1
8055,3-(Methylthio)propyl acetate,CSCCCOC(C)=O
8056,Methyl (methylthio)acetate,COC(=O)CSC
8057,Naringen,O=C1CC(c2ccc(O)cc2)Oc2cc(O)cc(O)c21
8058,14400-67-0,CC1=CC(=O)C(C)O1
8059,alpha-Bisabolene,CC(C)=CCC=C(C)C1CC=C(C)CC1
8060,alpha-Bergamotene,CC(C)=CCCC1(C)C2CC=C(C)C1C2
8061,.alpha.-Cubebene,CC1=CCC23C(C)CCC(C(C)C)C2C13
8062,4-Menthen-8-ol,CC1CC=C(C(C)(C)O)CC1
8063,p-Menth-1-en-9-ol,CC1=CCC(C(C)CO)CC1
8064,2-methyl-3-[4-(propan-2-yl)cyclohex-1-en-1-yl]propanal,CC(C=O)CC1=CCC(C(C)C)CC1
8065,4-Pentenyl isothiocyanate,C=CCCCN=C=S
8066,2-Propylpyrazine,CCCc1cnccn1
8067,2-Hexylthiophene,CCCCCCc1cccs1
8068,19872-52-7,CC(=O)CC(C)(C)S
8069,Hexyl propionate,CCC(=O)OC1CCCCC1
8070,Galegine sulfate,CC(C)=CCN=C(N)N.O=S(=O)(O)O
8071,2-Bornyl propionate,CCC(=O)OC1CC2CCC1(C)C2(C)C
8072,"Cyclohexene, 4-ethenyl-4-methyl-3-(1-methylethenyl)-1-(1-methylethyl)-, (3R-trans)-",C=CC1(C)CCC(C(C)C)=CC1C(=C)C
8073,dl-Codamine,COc1cc2c(cc1O)C(Cc1ccc(OC)c(OC)c1)N(C)CC2
8074,nicotine,CN1CCCC1c1cccnc1
8075,S-Methyl 3-methylbutanethioate,CSC(=O)CC(C)C
8076,Aromadendrene,C=C1CCC2C(C3C(C)CCC13)C2(C)C
8077,beta-Eudesmol,C=C1CCCC2(C)CCC(C(C)(C)O)CC12
8078,"Limonene 1,2-epoxide",C=C(C)C1CCC2(C)OC2C1
8079,"(4R,4aR)-1,1,4,7-tetramethyl-1a,2,3,4,4a,5,6,7b-octahydrocyclopropa[e]azulene",CC1=C2C(CC1)C(C)CCC1C2C1(C)C
8080,Elemol,C=CC1(C)CCC(C(C)(C)O)CC1C(=C)C
8081,Curcumene,CC(C)=CCCC(C)c1ccc(C)cc1
8083,(-)-gamma-cadinene,C=C1CCC(C(C)C)C2C=C(C)CCC12
8084,Crypton,CC(C)C1C=CC(=O)CC1
8085,Prunin,O=C1CC(c2ccc(O)cc2)Oc2cc(OC3OC(CO)C(O)C(O)C3O)cc(O)c21
8086,beta-Cubebene,C=C1CCC23C(C)CCC(C(C)C)C2C13
8087,"2,3,5-Trithiahexane",CSCSSC
8088,58461-27-1,C=C(C)C(CO)CC=C(C)C
8089,Santalene,CC(C)=CCCC1(C)C2CC3C(C2)C31C
8090,"(1aR,4S,4aS,7R,7aS)-1,1,4,7-tetramethyl-2,3,4a,5,6,7,7a,7b-octahydro-1aH-cyclopropa[e]azulen-4-ol",CC1CCC2C1C1C(CCC2(C)O)C1(C)C
8091,"p-Menth-8-ene-1,2-diol",C=C(C)C1CCC(C)(O)C(O)C1
8092,3242-08-8,C=CC1(C)CCC(=C(C)C)CC1C(=C)C
8093,Paradol,CCCCCCCC(=O)CCc1ccc(O)c(OC)c1
8094,Isopulegol acetate,C=C(C)C1CCC(C)CC1OC(C)=O
8095,"6,10-Dimethyl-2-undecanone",CC(=O)CCCC(C)CCCC(C)C
8096,2-Nonenoic acid,CCCCCCC=CC(=O)O
8097,Nerolidyl acetate,C=CC(C)(CCC=C(C)CCC=C(C)C)OC(C)=O
8098,2-amino-3-(prop-2-en-1-ylsulfanyl)propanoic acid,C=CCSCC(N)C(=O)O
8099,Campholenic aldehyde,CC1=CCC(CC=O)C1(C)C
8100,Allyl propyl sulfide,C=CCSCCC
8101,Grosheimin,C=C1CC(O)C2C(=C)C(=O)OC2C2C(C)C(=O)CC12
8102,4-Isopropenyl-1-methyl-7-oxabicyclo[4.1.0]heptan-2-one,C=C(C)C1CC(=O)C2(C)OC2C1
8103,"2,6,6-trimethyl-2-hydroxycyclohexanone",CC1(C)CCCC(C)(O)C1=O
8104,Globulol,CC1CCC2C1C1C(CCC2(C)O)C1(C)C
8105,cis-Carvyl acetate,C=C(C)C1CC=C(C)C(OC(C)=O)C1
8106,Lavender lactone,C=CC1(C)CCC(=O)O1
8107,6-methyl-2-(oxiran-2-yl)hept-5-en-2-ol,CC(C)=CCCC(C)(O)C1CO1
8108,Pinocarveol,C=C1C(O)CC2CC1C2(C)C
8109,24851-98-7,CCCCCC1C(=O)CCC1CC(=O)OC
8110,"4,5-Dimethyl-2-propyloxazole",CCCc1nc(C)c(C)o1
8111,"1-(3,6-dimethylpyrazin-2-yl)ethanone",CC(=O)c1nc(C)cnc1C
8112,2-isopropyl-6-methoxypyrazine,COc1cncc(C(C)C)n1
8113,"Azulene, 1,2,3,4,5,6,7,8-octahydro-1,4-dimethyl-7-(1-methylethenyl)-, (1S,4S,7R)-",C=C(C)C1CCC(C)C2=C(C1)C(C)CC2
8114,3695-24-7,COc1ccc(C(O)C(=O)O)cc1O
8115,Fenchyl acetate,CC(=O)OC1C2(C)CCC(C2)C1(C)C
8116,(-)-piperitone,CC1=CC(=O)C(C(C)C)CC1
8117,L-Lactic acid,CC(O)C(=O)O
8118,(-)-Epicatechin gallate,O=C(OC1Cc2c(O)cc(O)cc2OC1c1ccc(O)c(O)c1)c1cc(O)c(O)c(O)c1
8119,Daidzin,O=c1c(-c2ccc(O)cc2)coc2cc(OC3OC(CO)C(O)C(O)C3O)ccc12
8120,2-Ethyl-1-hexanethiol,CCCCC(CC)CS
8121,Alpha-Terpinyl Acetate,CC(=O)OC(C)(C)C1CC=C(C)CC1
8122,UNII-R1AUQ945JN,C=C(C)C1C=CC(C)(O)CC1
8123,Ginkgolide A,CC1C(=O)OC2CC34C5CC(C(C)(C)C)C36C(OC(=O)C6O)OC4(C(=O)O5)C21O
8124,valofin,CC(C)CC(=O)OC1CC(C)CCC1C(C)C
8125,"2,5-Dimethyl-4-ethyloxazole",CCc1nc(C)oc1C
8126,Pinocarvone,C=C1C(=O)CC2CC1C2(C)C
8127,"(1r,4r)-4-isopropyl-1-methylcyclohex-2-en-1-ol",CC(C)C1C=CC(C)(O)CC1
8128,Ethyl methyl disulfide,CCSSC
8129,Tiglic Acid,CC=C(C)C(=O)O
8130,"1,3-Diphenyl-1-butanone",CC(CC(=O)c1ccccc1)c1ccccc1
8131,Methanedithiol,SCS
8132,1-Phenylethanethiol,CC(S)c1ccccc1
8133,Phytol,C=CC(C)(O)CCCC(C)CCCC(C)CCCC(C)C
8134,Sinensetin,COc1ccc(-c2cc(=O)c3c(OC)c(OC)c(OC)cc3o2)cc1OC
8135,Prenylthiol,CC(C)=CCS
8136,2-(4-Methoxyphenoxy)propanoic acid,COc1ccc(OC(C)C(=O)O)cc1
8137,Lilac aldehyde,C=CC1(C)CCC(C(C)C=O)O1
8138,D-Camphor,CC12CCC(CC1=O)C2(C)C
8139,Cedrelanol,CC1=CC2C(C(C)C)CCC(C)(O)C2CC1
8140,Ginkgolide C,CC1C(=O)OC2C(O)C34C5OC(=O)C3(OC3OC(=O)C(O)C34C(C(C)(C)C)C5O)C12O
8141,"2,4-Dimethyl-5-ethylthiazole",CCc1sc(C)nc1C
8142,9-Decenal,C=CCCCCCCCC=O
8143,1-Isothiocyanato-6-(methylthio)hexane,CSCCCCCCN=C=S
8144,2-Acetyl-2-thiazoline,CC(=O)C1=NCCS1
8145,Isopulegol,C=C(C)C1CCC(C)CC1OC(C)=O
8146,Sedanenolide,CCCCC1OC(=O)C2=C1CCC=C2
8147,"p-Mentha-1,3,8-triene",C=C(C)C1=CC=C(C)CC1
8148,Saupirin,C=C(CO)C(=O)OC1CC(=C)C2CC(O)C(=C)C2C2OC(=O)C(=C)C12
8149,6-isothiocyanatohex-1-ene,C=CCCCCN=C=S
8150,28374-89-2,CCC(C)C(=O)C1=C(O)C(O)(CC=C(C)C)C(=O)C(CC=C(C)C)C1=O
8151,Berteroin,CSCCCCCN=C=S
8152,5-Hydroxyoctan-4-one,CCCC(=O)C(O)CCC
8153,L-Menthyl acetate,CC(=O)OC1CC(C)CCC1C(C)C
8154,Hexyl phenylacetate,CCCCCCOC(=O)Cc1ccccc1
8155,Erythritol,OCC(O)C(O)CO
8156,L-Malic acid,O=C(O)CC(O)C(=O)O
8157,"4-Allyl-2,6-dimethoxyphenol",C=CCc1cc(OC)c(O)c(OC)c1
8158,Guaiol,CC1CCC(C(C)(C)O)CC2=C1CCC2C
8159,"4,4-Dimethoxy-2-butanone",COC(CC(C)=O)OC
8160,2-Furylacetone,CC(=O)Cc1ccco1
8161,Octyl isovalerate,CCCCCCCCOC(=O)CC(C)C
8162,Propyl heptanoate,CCCCCCC(=O)OCCC
8163,Decyl butyrate,CCCCCCCCCCOC(=O)CCC
8164,2-Phenylethyl octanoate,CCCCCCCC(=O)OCCc1ccccc1
8165,1-(furan-2-yl)pentan-1-one,CCCCC(=O)c1ccco1
8166,MLS002607979,CC1(C)OC2CC(=O)OCC23C1CC(=O)C1(C)C3CCC2(C)C(c3ccoc3)OC(=O)C3OC321
8167,Oxacyclohexadecan-2-one,O=C1CCCCCCCCCCCCCCO1
8168,5-Hydroxymethylfurfural,O=Cc1ccc(CO)o1
8169,"5,7-Dihydroxyflavanone",O=C1CC(c2ccccc2)Oc2cc(O)cc(O)c21
8170,"2,6-Dimethoxy-4-methylphenol",COc1cc(C)cc(OC)c1O
8171,Cyclohexyl butyrate,CCCC(=O)OC1CCCCC1
8172,3-Octanone,CCCCCC(=O)CC
8173,Isobornyl acetate,CC(=O)OC1CC2CCC1(C)C2(C)C
8174,"3,7-Dimethyloctane-1,7-diol",CC(CCO)CCCC(C)(C)O
8175,Benzyl tiglate,CC=C(C)C(=O)OCc1ccccc1
8176,alpha-Thujone,CC1C(=O)CC2(C(C)C)CC12
8177,Difurfuryl ether,c1coc(COCc2ccco2)c1
8178,ethyl 3-acetoxy-2-methylbutanoate,CCOC(=O)C(C)C(C)OC(C)=O
8179,noscapine,COc1ccc2c(c1OC)C(=O)OC2C1c2c(cc3c(c2OC)OCO3)CCN1C
8181,Valencen,C=C(C)C1CCC2=CCCC(C)C2(C)C1
8182,Longifolene,C=C1C2CCC3C2C(C)(C)CCCC13C
8183,.beta.-Bourbonene,C=C1CCC2C1C1C(C(C)C)CCC21C
8184,Nomilin,CC(=O)OC1CC(=O)OC(C)(C)C2CC(=O)C3(C)C(CCC4(C)C(c5ccoc5)OC(=O)C5OC543)C12C
8185,Menthofuran,Cc1coc2c1CCC(C)C2
8186,(-)-cis-Carveol,C=C(C)C1CC=C(C)C(O)C1
8187,Oxycanthine,COc1cc2c3cc1Oc1c(OC)c(OC)cc4c1C(Cc1ccc(cc1)Oc1cc(ccc1O)CC3N(C)CC2)N(C)CC4
8188,Piperitenone,CC(C)=C1CCC2(C)OC2C1=O
8189,Curcumenol,CC1=CC2(O)OC3(CC2=C(C)C)C(C)CCC13
8190,CHEBI:49249,C=C(CCC=C(C)C)C1CC=C(C)CC1
8191,Ethyl Crotonate,CC=CC(=O)OCC
